|brandNm|product|location|date|post_date|origin_data_index
0|디즈니|스프링블라썸|삼성동 파르나스몰|03.10(목)-03.27(일)|2022-03-11|0.0
1|카페슈슈|마늘빵|['신세계강남', '부산용호동']|2/1~2/28|2019-02-16|1.0
2|메르세데스-벤츠|['미래 모빌리티', '미래도시', 'EQ', '순수 전기차', '더 뉴 메르세데스-벤츠 EQC', '자율주행 항공 모빌리티']|강남구 도산대로 15길 35|19.10.23 ~ 20.01.19|2019-10-23|2.0
3|마와|옷걸이|롯데백화점 강남점|05.17(월)-06.13(일)|2021-06-07|3.0
4|['zip WINTER CAMP', '레고', '에스더버니', 'Mansion de Rola', '루비월드']|['null', 'null', 'null', 'null', 'null']|['강남구 영동대로 114길 5 이브자리 코디센 삼성점1F', '송파구 올림픽로 300 잠실 롯데월드몰 1층', '영등포구 여의대로108, 더현대 서울 5층', '영등포구 여의대로108, 더현대 서울 B2층', '영등포구 여의대로108, 더현대 서울 1층']|['01.13(금)-01.29(일) 월-토: 10:30~21:00 일요일 및 공휴일: 10:30~20:30', '01.13(금)-01.25(수) 매일 : 10:30-22:00', '01.06(금)-01.31(수) (21일 토요일, 22일 일요일 설 연휴 휴무) 매일 : 10:30-20:30', '01.12(목)-01.25(수) (21일 토요일, 22일 일요일 설 연휴 휴무) 매일 : 10:30-20:30', '01.12(목)-01.25(수) (21일 토요일, 22일 일요일 설 연휴 휴무) 매일 : 10:30-20:30']|2023-01-22|4.0
5|미키 마우스|굿즈|잠실 롯데월드몰 1층 아트리움|['1월 19일(일)', '2월 9일(일)']|2020-01-23|5.0
6|딥아트먼트 스토어|와인, 가구, 홈데코, 아트 토이|영등포 코트야드 메리어트 5층|12월 3일부터 3주간|2021-12-03|6.0
7|['zip 스포어', '노우라이', '2023 두껍상회', '갤럭시S23', '그레인 로쉐', '크로우캐년']|['null', 'null', 'null', 'null', 'null', 'null']|['성동구 서울숲길 43', '성동구 서울숲길50', '강남구 강남대로 420', '강남구 강남대로 42', '강남대로 162길 45, 포토매틱샵', '성동구 연무장길 38-1']|['02.07(화)-02.19(일)', '02.14(화)-03.05(일)', '01.20(금)-03.05(일)', '01.20(금)-03.05(일)', '02.08(수)-02.21(화)', '02.01(수)-02.29(화)']|2023-02-18|7.0
8|츄파춥스|['자이언트츄파춥스']|부산 신세계사이먼 츄파춥스|2/22~2/28|2019-02-28|8.0
9|아쿠아 디 파르마|['발렌타인데이 세트', '미르토 세트']|롯데백화점 본점 1층|02.09(화) - 02.28(일)|2021-02-17|9.0
10|G7|['베트남 커피', '도서']|부산|12.02(금)-12.03(토)|2022-12-02|11.0
11|우리은행x무신사|굿즈|마포구 양화로 188 17층 무신사 테라스|09.17(토) 12.18(일) 매일 11:00~21:00|2022-10-04|12.0
12|['김네넵', '무무씨']|굿즈|DDP|10.14(금)-11.13(일)|2022-10-17|13.0
13|Keds|clothing, shoes, bags|Seongsu World Wide Seoul|03.30(Thu)-04.09(Sun)|2023-03-31|15.0
14|에고이스트|데님|롯데백화점 본점|3/29~4/14|2019-04-07|16.0
15|['FLOT', '펫키즈', '투스투스', '펫데렐라']|애완용품|용산아이파크몰|1/4~1/31|2019-01-19|17.0
16|['zip Hello Kitty by WAAC', '갓생기획실', '팰리세이드 하우스', '핑크홀리데이', '히어로크로스 디즈니', 'BUEOK by Hurom']|['null', 'null', 'null', 'null', 'null', 'null']|['강남구 압구정로 10길 20', '성동구 서울숲2길 42', '종로구 익선동 137-6 루프스테이션 익선', '영등포구 여의대로 108 더현대 서울 B1층', '영등포구 여의대로 108 더현대 서울 5층', '성동구 서울숲길4 9']|['05.13(금)-06.07(화)', '05.21(토)-06.12(일) 6/7 연차', '05.19(목)-06.06(일) 월/수/금 : 11:00~18:00 화/목/토/일 : 12:00~19:30', '05.14(토)-06.06(월)', '05.27(금)-06.30(목)', '05.21(토)-06.19(일)']|2022-06-05|18.0
17|제주맥주|맥주|부산 전포동|12/15~05/31|2018-12-21|19.0
18|에딕티|밀크티|서울시 중구 을지로 30 롯데백화점 본점 지하1층|['19.12.14(금)', '12.12.26(금)']|2019-12-19|20.0
19|불가리|퍼퓸|강남|4/16~5/5|2019-04-20|21.0
20|['마텔', '손오공']|['완구']|판교 알파돔|12/20~12/24|2018-12-19|22.0
21|['디즈니', '픽사']|캐릭터 굿즈|잠실 롯데월드몰 B1층|06.19 - 종료시까지|2020-06-23|23.0
22|Meet Meta|['메타버스', '인스타그램 공간']|성수|10.29(토)-11.06(일)|2022-11-01|24.0
23|나따오비까|['에그타르트']|현대백화점 무역센터|5/10~6/9|2019-05-14|25.0
24|['프렌치 감성의 유니섹스 브랜드', '오피스룩의 정석', None, None]|['오피스룩', '의 샌들', '패션의 완성 의 젤네일', None]|['null', 'null', '팝업스토어', None]|[['06.26', '07.09'], ['06.29', '07.05'], ['06.26', '07.02'], ['06.29', '07.05']]|2020-06-29|26.0
25|투티에|['가방', '지갑', '벨트', '가죽 제품', '화분']|용산 투켓팅|04.16(토)-05.08(일)|2022-05-02|27.0
26|포켓몬|['인형', '문구류', '봉제인형', '친환경 제품']|스타필드 코엑스몰|04.29(금)~05.15(일)|2022-04-29|28.0
27|TISLO|['핸드크림', '바디크림']|서초구 남부순환로 2406, 예술의전당 한가람미술관 제 7전시실|11.11(금)-11.20(일)|2022-11-16|29.0
28|불리 1803|['향수', '종이 비누', '디퓨저']|신세계백화점 강남점|11.08(금) ~ 11.10(일)|2019-11-08|30.0
29|로서울[Roh seoul]|가방|롯데백화점 본점 B1층 : 중구 을지로 30|( ) - 19.12.16 - 20.01.16|2019-12-26|31.0
30|슈퍼말차|다양한 협업 굿즈|강남구 테헤란로 517 현대백화점 무역센터점 B1|08.01(월)-08.07(일)|2022-08-04|32.0
31|{'zip Hugging': 1, 'Sliding to your life': [], '이게 무슨 일이야!': [], '맹그로브 부동산': [], 'mimi monde': [], '마티스토어': 1, '김토끼 스튜됴': 1, '막례스토랑': 1}|{'zip Hugging': '패션', 'Sliding to your life': [], '이게 무슨 일이야!': [], '맹그로브 부동산': [], 'mimi monde': [], '마티스토어': '의류', '김토끼 스튜됴': '식음료', '막례스토랑': '식음료'}|{'zip Hugging': '성동구 연무장17길 10', 'Sliding to your life': '성동구 연무장9길 7', '이게 무슨 일이야!': '성동구 서울숲길 43 프로젝트렌트 1호점', '맹그로브 부동산': '성동구 서울숲길 50 1층', 'mimi monde': '마포구 연남동 동교로29길 34 연남방앗간', '마티스토어': '성동구 성수이로7가길 24 1층', '김토끼 스튜됴': '영등포구 여의대로 108 더현대 서울 6층', '막례스토랑': '영등포구 여의대로 108 지하 1층'}|{'zip Hugging': '06.24(금)-07.07(목)', 'Sliding to your life': '06.30(목)-07.10(일)', '이게 무슨 일이야!': '06.28(화)-07.10(일)', '맹그로브 부동산': '07.01(금)-07.31(일)', 'mimi monde': '07.08(금)-07.13(수)', '마티스토어': '06.18(토)-08.21(일)', '김토끼 스튜됴': '06.03(금)-07.14(목)', '막례스토랑': '07.01(금)-07.14(목)'}|2022-07-09|33.0
32|꼬노꼬노|한복|롯데백화점 잠실점|1/25~2/3|2019-01-25|34.0
33|더바디샵|시어버터|홍대 넘버식스|1/26~상반기|2019-02-12|36.0
34|['zip 클라우드', '샹프리', '애슬래틱 클럽', '독립문 헤리티지', '3CE NEW TAKE', 'SEMO MARKET', 'into the box']|['null', 'null', 'null', 'null', 'null', 'null', 'null']|['성동구 연무장15길 11 에스팩토리 B동 3층 루프탑', '성동구 연무장길 57 1층 토로토로 스튜디오', '신세계백화점 센텀 시티점 & 롯데백화점 부산 서면점', '강남구 가로수길 51', '강남구 압구정로8길22', '성동구 서울숲길50 프로젝트렌트 6호점', '성동구 서울숲길43 프로젝트렌트 1호점']|['08.26(금)-09.07(수) 매일: 16:00~23:00', '08.18(목)-09.04(일) 매일: 12:00~20:00', '09.02(금)-12.31(토) 매일 : 10:20~20:30', '08.12(금)-09.07(수) 11:00~21:00', '08.22(월)- 매일: 11:00~22:00', '08.23(화)-09.04(일) 월-금: 12:00~19:00 토-일: 11:00~19:00', '08.23(화)-09.04(일) 매일: 12:00~20:00']|2022-09-03|37.0
35|스텔라 프리츠 아르투아|['프리츠', '라거', '미트라옛 샌드위치']|한남동 이태원로 258 (한강진역 1번 출구)|10.05(목)-11.07(일)|2021-10-19|39.0
36|푸마|['스웨이드 스니커즈', 'T7 트랙 세트 트레이닝복']|성수동|03.30(목)-04.10(일)|2022-04-05|40.0
37|크로플하우스|['크로플', '뿌링치즈크로플']|롯데백화점 부산본점|03.23(화)-04.18(일)|2021-03-26|41.0
38|Letter From Moon|의류|롯데백화점 잠실점 2F|01.03 - 01.09|2020-01-03|42.0
39|남영탉|['마라 처돌이 팝가', '동양탉', '마라면', '서양탉', '탉개장']|숙대입구역|매일 17:00-21:00, 매주 일요일 휴무|2022-02-08|43.0
40|에스티로더|립케어|신사 가로수길|2/14~2/22|2019-02-14|46.0
41|디즈니|악당 팝업스토어|잠실 롯데월드몰|10.3~10.31|2019-10-07|47.0
42|워너원|팝업스토어|용산|12/14~12/27|2018-12-17|48.0
43|슷퍼마켓|팝업스토어|가로수길|9.5 - 9.28|2019-09-18|50.0
44|쇼앤텔|패션|신세계백화점 강남점|10.4~10.13|2019-10-10|51.0
45|블랑제리뵈르|['버터맥주', '버터막걸리', '베이커리류', '쿠키', '꾸덕컵']|['무더운 여름을 한 방에 날려줄 버터맥주 구매하러 가보자 현백 무역센터점', '더현대서울 B2 아르켓매장 정문 앞', '롯데백화점 잠실점 B1 아우어베이커리 앞', '현대백화점 무역센터점 B1 대행사장 앞', '현대백화점 판교점 B1']|08.01-08.31|2022-08-05|52.0
46|위글위글|['태플릿 파우치', '양말', '슬리퍼', '에어팟 케이스', '자수 핸드폰 케이스']|신세계백화점 영등포점 B2층|1.17(금) - 2.13(목)|2020-01-21|53.0
47|레이어드 일룸|['일룸 가구', '한정판 굿즈', '레이어드 캔들']|성수|07.08(금)-07.31(일)|2022-07-20|54.0
48|링크 플레이스|['밀러 소파', '자체 제작 가구', '미아카라']|신세계백화점 강남점 9층|1월 31일 - 2월 20일|2020-02-04|55.0
49|겨울왕국|['굿즈', '캐릭터 굿즈', '문구류', '액세서리', '의류', '바디용품']|잠실 롯데월드몰 B1층 Zara home 옆 'SNOW#'|19.12.7(토) ~ 20.1.31(금)|2019-12-09|56.0
50|디즈니애니메이션|['굿즈', '작품']|동대문DDP|4/19~8/18|2019-06-25|57.0
51|예일X나이스웨더|캐주얼웨어|영등포구 여의대로 108, 더현대 서울 B2층|01.26(목)-02.08(수)|2023-01-30|58.0
52|랭앤루|['모노키니', '비키니', '여행 필수룩']|잠실 롯데월드몰|6/1~30|2019-06-11|59.0
53|에스더버니|['인형', '담요', '문구류', '파우치']|신촌 현대백화점 유플렉스 B2층 팝 스트리트|11.8 ~ 11.24|2019-11-20|60.0
54|JMT|['빵', '쿠키', '비파티세리']|압구정 갤러리아west|5/10~5/23|2019-05-22|61.0
55|문베어브루잉|피맥|연남동 연트럴파크|5/1~31|2019-05-26|62.0
56|['스위트스팟', '챔피온', '탐스', '아이헤이트먼데이']|편집숍|을지스타몰 을지지하상가|4/26|2019-04-26|63.0
57|버켄스탁|['가죽스웨이드', '취리히']|압구정 라움이스트|6/5~18|2019-06-07|64.0
58|유니콘마켓|['옷', '잡화']|롯데몰 은평점 1층|7/19~7/26|2019-07-19|65.0
59|['우주도넛', '러버덕 프로젝트', '헬로키티 문방구', '짱구 팝업스토어', '르메메 뮤지엄', 'BULGOGI LAB 2022']|['제1의맛집', '도넛', '문방구', '팝업스토어', None, '불고기']|['성동구 성수이로71 수피하우스', '서울 2022 잠실 롯데타워몰', '성동구 서울숲2길 42', '신촌현대백화점 유플렉스 지하2층', '성동구 성수일로3길 8', '익선동 137-6 익선동 루프스테이션']|['09.23(금)-10.12(수)', '09.30(금)-10.31(월)', '09.01(목)-10.10(월)', '9.30(금)-10.10(월)', '09.28(수)-10.08(토)', '09.22(목)-10.10(월)']|2022-10-01|66.0
60|시슬리|['백']|신세계 강남|4/16~4/21|2019-04-17|67.0
61|['나이키', '아디다스', '리복', '컨버스', '뉴발란스', '라코스테', '베어파우', '소렐']|슈즈|CGV스퀘어 오리역|1/1~1/6|2019-01-03|68.0
62|넷플릭스|팝업전시|이태원역|09.05(일)-09.18(토)|2021-09-10|69.0
63|['zip', 'WON', 'RE:CORD', '무신사', '마롱197', '야쿠르트', '우주도넛', '러버덕 프로젝트', '헬로키티', '짱구']|['팝업', '이벤트', '야쿠르트 팝업스토어', '우주도넛', '러버덕 프로젝트', '짱구 팝업스토어']|['마포구 양화로 188 17층 무신사 테라스', '강남구 테헤란로4길 37 지하1층 마롱197', '양천구 목동동로 10길 22', '성동구 성수이로71 수피하우스', '서울 2022 잠실 롯데타워몰', '성동구 서울숲2길 42', '신촌현대백화점 유플렉스 지하2층']|['09.17(토) 12.18(일)', '10.04(화)-10.10(월)', '10.05(수)-10.14(금)', '09.23(금)-10.12(수)', '09.30(금)-10.31(월)', '09.01(목)-10.10(월)', '9.30(금)-10.10(월)']|2022-10-08|70.0
64|마이멜로디|굿즈|마포구 월드컵북로 6길 88-10|07.18 - 08.09|2020-07-28|71.0
65|['MiMi', 'Hazzys']|캡슐 컬렉션|여의도 더현대 서울 3층|04.22(금)-05.12(목)|2022-04-26|74.0
66|마시마로|['인형', '스티커']|마포구 어울마당로 65, 상상마당 1층|02.13(월)-04.02(일)|2023-03-07|75.0
67|탈리스커|굿즈|강원도 고성군 토성면 천진해변길 43, 글라스하우스|11.07(목) 11.17(목)|2022-11-10|76.0
68|로드로아르|골프웨어|잠실 롯데월드 몰 2층|3/28(월)-04/10(일)|2022-03-28|77.0
69|애니작|좀비덤|현대백화점 신촌점|10.22(금)-10.31(일)|2021-10-22|79.0
70|팝가|<크리스마스 핫플 모음.zip>|['제인마치메종', '슬로우파마씨', '조명박물관', '디데이원']|{'월': ['14:00-18:00', '11:00-18:00'], '화': ['13:00-18:30'], '수': ['13:00-18:30'], '목': ['13:00-18:30'], '금': ['13:00-18:30'], '토': ['11:00-18:00'], '일': ['10:00-17:00', '11:30-22:00']}|2022-12-15|81.0
71|삭샵오브런던|양말|신세계 강남|3/29~4/4|2019-03-30|82.0
72|모락모락 프로젝트|굿즈|서울 성동구 성수동1가 뚝섬로 317, 성수 스밍 스튜디오|11/26(토)-11/27(일)|2022-11-25|83.0
73|롯데월드|월드파크|잠실 롯데월드 타워|04.01(금)-04.17(일)|2022-04-01|84.0
74|안젤라코코|['댕댕이 옷', '장난감', '인형', '액세서리']|신세계 영등포점 B2층 스위트스팟 매장 (팩토리 스토어 앞)|4월 3일(금) - 4월 16일(목)|2020-04-14|85.0
75|['zip 탈리다쿰', 'CHO SHOP', '클라우드', '샹프리', '애슬래틱 클럽']|['팝업스토어', '팝업스토어', '팝업스토어', '팝업스토어', None]|['성동구 연무장17길 10 LCDC 서울', '마포구 토정로 3길 13', '성동구 연무장15길 11 에스팩토리 B동 3층 루프탑', '성동구 연무장길 57 1층 토로토로 스튜디오', '신세계백화점 센텀 시티점 & 롯데백화점 부산 서면점']|['08.18(목)-09.29(목)', '08.05(금)-09.30(금)', '08.26(금)-09.07(수)', '08.18(목)-09.04(일)', '09.02(금)-12.31(토)']|2022-09-10|86.0
76|대한민국 팝업|['인형', '방향제', '노트', '파우치', '과자']|강남구 압수정로12길 22|09.05~09.28 (11:00~21:00)|2019-09-08|87.0
77|베어베터|['제품', '굿즈']|성수|06.14(화)-06.26(일)|2022-06-15|88.0
78|세이치즈토스트|치즈토스트|AK플라자 수원|4/12~4/25|2019-04-16|89.0
79|['스위트스팟X룬', '산드로', '마쥬', '누디진', '자딕앤볼테르', '헬무트랭']|컨템포러리|강남역|3/2~3/31|2019-03-02|90.0
80|살롱뒤쇼콜라|디저트|코엑스|1/10~1/13|2019-01-09|91.0
81|막례스토랑|['식혜', '떡볶이', '떡갈비']|현대백화점 판교점|07.15(금)-07.21(목)|2022-07-13|92.0
82|아크코펜하겐|스니커즈|현대백화점 판교|3/25~4/7|2019-03-26|93.0
83|민팃 x 워시엔조이|런드리샵|마포구 양화로23길 22-7 2층|05.07(토)-05.29(일)|2022-05-19|94.0
84|레꼴드, 고잉메리, 탐스, 빅토리아|['와플메이커', '커피머신', '요괴라면 시리즈', '핸드백', '여성화', '버니인형', '핸디비누', '놀이교육세트']|인천 스퀘어원(인천 연수구 청능대로210)|10.16~10.21|2019-10-17|95.0
85|비스테까|디저트|전국|['2월 12일', '2월 13일', '2월 14일']|2020-02-12|96.0
86|플레이그라운드 브루어리|수제맥주|홍대 라이즈호텔|5/3~7/7|2019-06-14|97.0
87|나리꼬모|['초코 쿠키', '말차 쿠키', '앙버터 쿠키', '인절미 도넛', '콘치즈 도넛', '커스터드 크림 도넛']|AK플라자 수원 JMT|2021-3-22~2021-3-28|2019-03-22|98.0
88|골든구스|신발|롯데백화점본점|3/8~3/28|2019-03-13|99.0
89|디즈니|['의류', '잡화', '문구', '인형', '굿즈']|롯데월드몰 지하1층 스위트스팟캐릭터샵|['2월 21일', '3월 31일']|2020-02-21|102.0
90|MARVEL|['액세서리', '인형', '아동복', '백팩', '의류', '토르망치', '그루트 인형', '타노스 건틀렛']|롯데몰 수지점 2층|['19.12.17', '20.1.20']|2020-01-06|103.0
91|['G/FORE']|['신발', '의류', '백팩']|['null']|[['09.01', '09.30'], ['08.28', '09.27'], ['08.28', '09.06']]|2020-08-31|104.0
92|리카리카|반려동물 라이프스타일|성수|01.04(수)-01.15(일)|2023-01-06|105.0
93|시그니처스토어|리빙제품, 핸드메이드 제품, 디저트, 주얼리|분당CGV|3/8~10, 3/15~17|2019-03-08|106.0
94|테디아일랜드|마스크팩|롯데에비뉴엘 잠실|3/29~4/7|2019-03-29|107.0
95|선데이플래닛|['식물', '화분', '영양제']|성수|04.05(화)-04.17(일)|2022-04-07|108.0
96|['쌤소나이트', '뉴발란스']|['미니 크로스백', '캐리어', '다양한 제품']|['잠실 롯데백화점']|['03.13(월)-03.30(목)']|2023-03-15|109.0
97|디즈니|['굿즈 자판기', '슐라이히의 동물 피규어']|성동구 서울숲4길 20|04.06(목) -04.23(일) 매일: 11:00-20:00|2023-04-14|110.0
98|아바타|피규어|더현대서울 영등포구 여의대로 108|['11.26(토)', '12.10(토)', '12/9(금) 제외']|2022-12-01|111.0
99|텐바이텐|['문구', '디즈니제품']|롯데월드몰 1층 스위트스팟|7/8~8/4|2019-07-09|112.0
100|베스킨라빈스|아이스크림|서울 용산구 독서당로 93|2022-05-05 ~ 2022-06-19|2022-05-13|114.0
101|['로랑로라', '보니블라', '티나트리스']|['가방', '핸드백', '액세서리']|신세계백화점 영등포점 지하2층 패션스트릿|2월 14일(금) - 29일(토)|2020-02-18|115.0
102|도리스돌|['구체관절 인형', '의상', '신발']|현대백화점 중동점|12.20(금) - 26(목)|2019-12-24|116.0
103|두껍상회|['굿즈', '진로 두꺼비']|강남구 강남대로 420|11.24(수)-01.23(목) 매일 12:00-21:00|2021-11-30|117.0
104|식스삭스|양말|현대백화점 무역센터점|10.24-10.27|2019-10-25|118.0
105|쿠누|['목걸이', '귀걸이', '이어커프', '주얼리', '원석반지']|롯데백화점 노원점 3층|4월 13일 - 4월 19일|2020-04-17|119.0
106|윙잇|['푸드편집샵', '델리상품']|롯데백화점 본점|5/9~15|2019-05-11|120.0
107|아모프레|남성복|더현대서울|10.08(금)-10.21(목)|2021-10-15|121.0
108|야미요밀|['채식 쌀빵', 'JMT 흑임자 크림빵']|현대백화점 압구정|2/15~2/27|2019-02-19|123.0
109|언포겟|['말차시리즈 마카롱', '초코 마카롱']|신세계백화점 하남|7/16~8/30|2019-08-06|124.0
110|노리타케|['굿즈', '토트백', '폰케이스', '노트', '펜']|강남역 29cm|3/25~4/8|2019-03-25|125.0
111|BARULAB|['탄력개선 앰플', '피부에 필요한 7가지 기능을 하나로 담은 마스크팩']|현대백화점 판교|2/22~2/28|2019-02-26|126.0
112|픽사|캐릭터|현대백화점 유플렉스 중동점|07.05(월)-07.18(일)|2021-07-08|127.0
113|['스위트스팟', '무유무유']|팝업스토어|롯데월드몰 1층|09.01 - 10.31|2020-09-02|128.0
114|LG|전자제품|성수|4/7(목)-5/8(일)|2022-04-14|129.0
115|발렌티노|브이링백|신세계백화점 강남|4/5~4/14|2019-04-10|130.0
116|스위트스팟|['가방', '악세사리']|롯데월드몰|4/1~4/30|2019-04-04|132.0
117|후원스투칠|['맨투맨', '후드', '티셔츠']|서울시 강남구 테헤란로 521 파르나스몰 지하1층|03.17(수) - 03.21(일)|2021-03-19|133.0
118|라인프렌즈|굿즈|양천구 목동동로 257, 현대백화점 목동점 별관 지하2층 & 본관7층|04.07(금)-04.20(목)|2023-04-07|134.0
119|콩고물|['굴레떡', '흑임자 인절미', '꿀설기', '...']|현대백화점 디큐브시티 B2 현대식품관|5월 6일(수) - 5월 12일(화)|2020-05-08|135.0
120|무신사 스탠다드|의류|무신사 테라스|['1월 29일', '2월 9일']|2020-01-31|136.0
121|프랑켄|브라우니|판교|11.29(금) ~ 12.05(목)|2019-12-02|137.0
122|플레이 수국|수국|제주 카멜리아힐|매일 08:30-19:00 (6~8월, 입장마감 18:00)|2021-06-11|138.0
123|디즈니코리아|'러브 네이처' 캠페인|더현대서울|04.29(금)-05.05(목)|2022-04-29|139.0
124|에싸|소파|부산 서면 롯데백화점|7/16~8/18|2019-08-01|140.0
125|로티스 아파트먼트|굿즈|성수동|08.02(월)-08.29(일)|2021-08-13|141.0
126|돌체앤가바나|['코덕저격', '스프링컬렉션', '한정판메이크업']|신세계 강남|4/8~4/14|2019-04-09|142.0
127|럭키슈에뜨|한정판 에디션|코엑스|12/20 null 3시-6시|2018-12-20|143.0
128|IWC|['스팟파이어', '탑건']|롯데백화점본점|2/26~3/7|2019-03-03|144.0
129|꿀하우스|카페|이태원|2/14~3/31|2019-02-21|145.0
130|['이눌', '66100', '유아이너프']|브라|서울특별시 서대문구 이화여대길 87|09.27(월)-10.05(화)|2021-09-29|146.0
131|랑콤|['스킨케어', '립', '향수']|잠실 롯데에비뉴엘 월드타워|1월 16일(목) - 31일(금)|2020-01-28|148.0
132|토노 이탈리아|['슈즈']|상암 DDMC 지하 1층|2월 3일(월) - 7일(금)|2020-02-03|149.0
133|유니콘 마켓|플리마켓|용산 아이파크몰|10.28(월) - 11.03(일)|2019-10-28|151.0
134|젭티|['착즙 주스', '콘텐츠']|성수|06.04(토)-06.12(일)|2022-06-07|153.0
135|코나모르|가방|갤러리아백화점 광교점 1층|4월 20일(월) - 4월 23일(목)|2020-04-21|154.0
136|투게더|['디저트', '아이스크림']|홍대입구 매니아층|6/19~7/7|2019-06-21|155.0
137|웨지우드|['테이블 웨어', '티 웨어']|롯데백화점 본점 8F|01.22(금) - 02.04(목)|2021-01-29|156.0
138|몰링부스|팝업스토어|교보문고 핫트렉스|09.16 ~ 09.30|2019-09-25|157.0
139|김씨네|과일|잠실 롯데월드몰|12.23(화)-01.29(수)|2023-01-06|159.0
140|몰리니|여성의류|스위트스팟 대치점|4/20~5/10|2019-04-25|160.0
141|실바니안|패밀리|스타필드하남|3/11~3/24|2019-03-14|161.0
142|잭퍼셀|컨버스의 스테디셀러 잭퍼셀|이태원 바이닐앤플라스틱|6/21~30|2019-06-26|162.0
143|['zip 원신', 'Mmlg s Hollywood', '레고', 'Nukak LAB', 'LAYERED iloom', 'EXCYCLE 바삭바', '앱솔루트 홈']|['여름축제', None, '플레이그라운드', None, None, None, None]|['서초구 올림픽대로 2085-14한강 세빛섬', '성동구 아차산로 104', '강남구 강남대로 426', '강남구 테헤란로 521 파르나스몰 B1', '성수동 성수이로 3길 18-1', '성동구 서울숲길 50 1층, 프로젝트렌트', '성동구 연무장15길11 에스팩토리']|['07.28(목)-08.03(수)', '07.25(월)-08.18(목)', '07.20(수)-08.14(일)', '07.21(목)-07.31(일)', '07.08(금)-07.31(일)', '07.05(화)-07.31(일)', '07.07(목)-07.31(일)']|2022-07-30|164.0
144|Nukak LAB Nukak|['가방', '케이스', '신제품 누깍시티']|강남구 테헤란로 521 파르나스몰 B1|07.21(목)-07.31(일) 매일 : 10:30~22:00|2022-07-25|165.0
145|직수입 브랜드|['디즈니', '마블', '키즈제품', '양말']|롯데백화점 본점 2층 : 중구 을지로 30|19.11.22 ~ 20.01.05|2019-11-22|166.0
146|['PROJECT 555']|['22F/W 제품', '시즌별 아이템']|['서대문구 연희로 11가길 32']|['11.11(금)-11.14(월) 매일 : 12:00~20:00']|2022-11-14|168.0
147|예일|['그로서리', '델리', '옥스포드 셔츠', '바지', '반려견 제품']|무신사 테라스 성수, 성동구 아차산로 104, 3층|05.09(월)-07.10(일)|2022-05-18|169.0
148|['zip 문보장', '데어바타테', '재벌집']|['팝업스토어']|['성동구 성수이로 88', '성동구 서울숲2길 42', '성동구 연무장길 38-1', '신세계사이먼 프리미엄 아울렛 여주점', '시흥점', '파주점']|['10.20(목)-11.27(일)', '11.17(목)-11.27(일)', '11.11(금)-11.30(수)', '11.19(토)-01.15(일)', '(토), (일) : 10:30~21:00']|2022-11-26|170.0
149|하이트 진로|굿즈|강남구 강남대로 420|01.20(금)-03.05(일)|2023-02-20|171.0
150|모해17|['주얼리', '아이템']|홍대 엑시트 3층|03.03(수)-04.30(금)|2021-03-30|172.0
151|뉴진스|굿즈|더현대 서울 어도어|08.12(금)-08.31(수)|2022-08-19|173.0
152|['zip Meet Meta', '우영우 팝업스토어', '라인프렌즈 월드', '활명수 1897', 'LG금성오락실', 'DREAMWORLD']|['null', 'null', 'null', 'null', 'null', 'null']|['성동구 연무장길 26', '경기 의왕시 바라산로 1, 롯데프리미엄아울렛 타임빌라스 1층', '성동구 성수일로4길 12', '성동구 서울숲2길 42', '강남구 강남대로 420', '마포구 양화로 176 와이즈파크 B2']|['10.29(토)-11.06(일)', '11.02(수)-11.13(화)', '10.25(금)-11.13(일)', '10.19(수)-11.10(목)', '10.12(수)-11.27(일)', '10.22(토)-12.04(일)']|2022-11-05|174.0
153|야쿤카야토스트|['카야버터토스트', '야쿤밀크티']|롯데백화점 서면 본점|4월 24일(금) - 5월 7일(목)|2020-04-29|175.0
154|쓰레기마트|['캔', '페트']|연남동|6/28~9/5|2019-07-04|177.0
155|사이사이|['디자이너 여성복', '모자', '주얼리']|롯데월드몰 2층|02.01(월) - 03.31(수)|2021-02-19|178.0
156|라네즈|마스크|성수|03.22(화)-04.21(목)|2022-03-29|181.0
157|전포 명가떡집|['떡', '앙꼬절편']|신세계백화점 영등포점|04.30(금)-05.13(목)|2021-05-04|182.0
158|29cm|팝업 스토어|용산구 한남대로 202-1|05.14(토)-05.22(일)|2022-05-13|183.0
159|무유무유|다이어리|롯데몰 김포공항점|1.15(금) - 4.25(일)|2021-01-25|184.0
160|[꽃잔:치]|빈티지 찻잔|서울 성북구 삼선교로 34, 201호|04.23(금)-04.27(화) 매일|2021-04-20|185.0
161|시그니처스토어|['의류', '가방', '주얼리', '푸드']|잠실롯데몰|12/01~12/05|2018-12-04|187.0
162|하리보|['골드 베어', '베스트 셀러']|하남 스타필드 1층|~03.06(일)|2022-03-02|188.0
163|무직타이거x 겟댓샷|['카페', '포토존', '디저트', '굿즈']|영등포구 경인로 846, 롯데백화점 영등포점 1층 겟댓샷|03.10(금)-03.29(수)|2023-03-13|189.0
164|로우키|굿즈|['성수시작점', '로우키 성수점']|['01.02(월)-01.27(금)', '01.09(월)-01.27(금)']|2023-01-13|190.0
165|르브아시스|['스윔웨어', '맥시 드레스', '이노락 세트', '캔버스백']|압구정 갤러리아 WEST 3층|08.01(일)-08.19(목)|2021-08-11|191.0
166|원정요의|뷰티|영등포구 여의대로 108|11.03(목)-11.16(수)|2022-11-08|192.0
167|['Disney']|['다이어리', '다꾸제품', '마스킹테잎', '포스트잇']|경기 성남시 분당구 판교역로146번길 20 5층 현대백화점 판교점 5층|19.12.13(금) - 20.1.9(금)|2019-12-17|193.0
168|반클리프 아펠|주얼리&워치|DDP|01.08(일)-01.28(토)|2023-01-25|194.0
169|루이비통|핸드백|현대카드 바이닐앤플라스틱|4/11~24|2019-04-18|195.0
170|디즈니|팝업스토어|['송도점', '대전점', '김포점']|{'start': '2021-03-05', 'end': '2021-05-09'}|2021-03-08|196.0
171|['닥스', '올젠', '에디션', '소다']|['남성정장', '제화']|여의도 전경련회관|3/4~3/7|2019-03-04|198.0
172|['아디다스', '구찌']|스포츠|강남구 언주로164길 21-3 꼴라보하우스 도산|06.08(수)-06.19(일) 매일 : 10:30~20:00|2022-06-14|199.0
173|클레어스|['스킨케어', '서플 프레퍼레이션 언센티드 토너']|성수, 그라운드시소|04.04(화)-05.07(일)|2023-04-12|200.0
174|tvN즐건제일|['음료', '디저트', '명대사 자판기', '엽서', '스티커']|성수 쎈느|12.09(금)-12.25(일)|2023-01-09|201.0
175|롯백|['커피', '케이크', '드립 기구', '홈카페 용품']|롯데백화점 본점 지하 1층|04.20(화)-05.02(일)|2021-04-27|202.0
176|네일매틱키즈|['매니큐어', '립글로즈', '배스밤']|현대백화점 압구정 본점|1월 27일 ~ 2월 9일|2020-01-30|203.0
177|['해피바스', '대림디움']|욕실공간 쇼룸|신용산역|4/1~4/20|2019-04-10|204.0
178|구찌|전시회|동대문 DDP|03.04(금)-03.27(일)|2022-03-08|206.0
179|AP스튜디오|['투명백', '데일리백']|여의도SK증권빌딩|7/8~12|2019-07-08|207.0
180|시그니처스토어|['디저트', '주얼리', '키즈용품', '간식', '화장품']|롯데몰은평|12/28~1/2|2018-12-28|208.0
181|['zip투티에', '닥터자르트', '젤리버디마켓', '싱글톤WORKOFF', '위글위글팝업스토어', '가나초콜릿하우스', '마블팝업스토어', '포켓몬팝업스토어']|['null', '필터', 'null', 'null', 'null', 'null', 'null', 'null']|['용산구 녹사평로 168-24', '강남구 도산대로11길 46', '영등포구 여의대로 108 더현대 서울 5층', '성동구 서울숲길 50', '영등포구 여의대로 108 더현대 서울 5층', '성동구 성수이로 3길 18-1', '안성시 공도읍 서동대로39030-39 스타필드', '스타필드 코엑스몰 지하1층 메가박스 앞']|['04.16(토)-05.08(일)', 'null', '04.29(금)-05.26(목)', '04.30(토)-05.08(일)', '04.23(토)-05.23(토)', '04.19(화)-05.12(목)', '04.25(월)-05.08(일)', '04.29(금)~05.15(일)']|2022-05-07|209.0
182|ON식당|뷔페|대학로 앤드히어|12/1~12/16|2018-12-05|210.0
183|오비라거|['맥주', '좀비라거']|이태원 경리단길 우리슈퍼|10.08(토)-10.16(일)|2022-10-14|211.0
184|뮤트뮤즈|['지갑', '가방', '챔버백', '신상', '인기제품']|현대백화점 판교점|['2월 24일', '3월 14일']|2020-02-27|212.0
185|디포레스트|쥬얼리|을지로 센터원|1/21~1/25|2019-01-22|215.0
186|텐바이텐|['디즈니 제품', 'BT21 굿즈']|롯데월드몰 스위트스팟|8/5~9/8 연장확정|2019-08-12|216.0
187|보니앤코|가방|판교점|1월 22일 ~ 2월 6일|2020-01-29|217.0
188|테바|스트랩 샌들|강남역 슈마커|06.17(목)-08.15(일)|2021-07-16|218.0
189|LG|['올레드 디스플레이', '레이싱', '크레이지 아케이드']|강남 성수동, 강남역|10.12(수)-11.27(일)|2022-10-27|219.0
190|시몬스|['굿즈', '수제 버거']|압구정 로데오|매일 11:30 - 20:30|2022-02-21|220.0
191|젤리버디|['식기', '문구류', '쿠션', '특별한 굿즈']|더현대 서울|04.29(금)-05.26(목)|2022-05-04|221.0
192|SUPER MATCHA(25)|편의점 컨셉의 팝업스토어|현대백화점 무역센터|08.01(월)-08.07(일)|2022-07-27|222.0
193|막걸리 학교|막걸리|강남구 압구정로 12길 22|9.5~9.28|2019-09-10|223.0
194|신한금융그룹|료리집|익선동 임시정부|6/19~7/21|2019-07-14|224.0
195|이너프립|주얼리|상암 한샘사옥|6/24~28|2019-06-24|225.0
196|헤지스|여름 신제품|성수|05.05(목)-05.22(일)|2022-05-11|226.0
197|PET THE WORLD|['의류', '간식', '영양제', '샴푸']|스타필드 하남점 1층, 센트럴 아트리움 & 사우스 아트리움|04.03(월)-04.16(일)|2023-03-23|227.0
198|동감|팝업스토어|성수|11.10(목)-11.20(일)|2022-11-14|228.0
199|시몬스|굿즈|성동구 성수이로 12길 2, 1층|4월 1일 - 6월 28일|2020-04-16|230.0
200|['zip 아디다스 x 구찌', '베어베터', '상쾌환 스토어', 'NOS7 팝업스토어', 'Change Me, Change Air', '히어로크로스 디즈니']|['팝업스토어', '팝업스토어', '스토어', '팝업스토어', None, None]|['강남구 언주로164길 21-3 꼴라보하우스 도산', '성동구 서울숲길50', '성동구 성수동2가 315-10', '강남구 압구정로60길 21 분더샵 청담 케이스스터디', '성동구 아차산로17길 48 성수낙낙 1층', '영등포구 여의대로 108 더현대 서울 5층']|['06.08(수)-06.19(일)', '06.14(화)-06.26(일)', '06.07(화)-06.27(월)', '06.17(금)-06.30(목)', '06.01(수)-07.31(일)', '05.27(금)-06.30(목)']|2022-06-18|231.0
201|['라인프렌즈', '던킨도너츠']|도너츠|현대백무역센터|11/27~12/9|2018-12-04|233.0
202|['오브젝트 바이 프로젝트']|['굿즈']|['데어바타테', '성수역']|['08.26(목)', '09.05(일)']|2021-08-28|235.0
203|도어투성수x메이플스토리|['시즌2 상품', '캐릭터 스티커', '딱지', '피규어']|성동구 연무장길 38-1, GS25도어투성수|12.20(화)-01.08(일)|2022-12-29|236.0
204|리틀버니|아동복|용산아이파크몰|5/10~6/5|2019-05-28|237.0
205|송송카롱|마카롱|롯데백화점 분당점|9.27-10.13|2019-10-08|239.0
206|존쿡델리미트|['고기', '소시지', '하몽 장인', '고기요리']|롯데백화점본점|12/17~12/25|2018-12-17|240.0
207|탈리다쿰|비건 뷰티|LCDC 서울|08.18(목)-09.29(목)|2022-09-06|241.0
208|슈퍼셀|게임 굿즈|롯데월드몰 1F 아트리움|['19.12.20(금)', '20.1.15(수)']|2019-12-27|242.0
209|마이센|['도자기', '로열 비앤엑스', '웨이브', '뉴 컷아웃', '머그 컬렉션']|갤러리아 명품관 WEST 5층|02.17(수)-05.16(일)|2021-03-18|243.0
210|겨울왕국|['굿즈', '피규어', '인형', '엽서', '그립톡', '포스트잇']|이태원|19.11.07 ~ 20.01.31|2019-11-21|244.0
211|에스티듀퐁|['슈즈', '셔츠', '타이 컬렉션']|하남|1월7일 - 1월 15일|2020-01-10|245.0
212|['피치스', '코카콜라']|['스타더스트', '우주맛', '도넛', '젤라또']|['성수동 피치스', '피치스 도원']|['3.12(토)-3.19(토)']|2022-03-15|246.0
213|카누|카누|맥심 플랜트 : 용산구 이태원로 250|11.15~12.15|2019-11-25|247.0
214|EL-LESS|애장품 마켓|롯데백화점 수원점 1층 센터홀|11.29(금) ~ 12.01(일), 3일간 10:30 ~ 22:00|2019-11-29|248.0
215|노티드|['도넛', '굿즈']|롯데월드몰 5층|08.16(화)-08.31(수)|2022-08-17|249.0
216|애기바당|유아브랜드|스타필드 고양|2/28~3/28|2019-03-17|250.0
217|헤지스|웜블던 공식굿즈|헤지스명동점|7/8~8/21|2019-08-19|251.0
218|갤럭시|['S23', '버즈']|강남구 강남대로 426, 일상비일상의틈 1층|02.03(금)-02.26(일)|2023-02-17|252.0
219|포켓몬|전체 상품|판교 현대백화점|03.04(금)~03.14(월)|2022-03-04|254.0
220|시몬스|국민 혼수침대 뷰티레스트|현대 압구정점|2/6~4/30|2019-03-21|255.0
221|카브루|맥주|홍대 허밍벨라|6/5~16|2019-06-12|257.0
222|익명이와 깨꾹이|['피규어', '인형', '와펜', '굿즈', '키링', '마그넷']|영등포구 여의대로 108, 5층 더현대서울|11.04(금)-11/17(목)|2022-11-09|258.0
223|배달의민족, 우아한형제들|책|성동구 서울숲길 43 프로젝트렌트 1호점|06.28(화)-07.10(일) 매일 : 12:00~20:00|2022-07-06|259.0
224|얼터너티브스테레오|['뷰티']|성동구 서울숲길43 프로젝트렌트 1호점|08.23(화)-09.04(일)|2022-08-26|261.0
225|그로서리스터프|['쿠키', '생활용품', '식료품']|신세계백화점 강남점 B1 정문 입구|03.24(목)-04.06(수)|2022-03-31|262.0
226|ARK|맥주|성수|06.17(금)-07.03(일)|2022-06-23|263.0
227|세로토닌마켓|수공예 주얼리|시청역 퍼시픽타워|8/5~8/9|2019-08-05|265.0
228|['디자이너']|['수영복', '실버 주얼리', '의류']|축구덕후들을 위한 곳|['07.11 - 07.19', '07.11 - 07.30', '07.13 - 07.22', '07.10 - 08.09']|2020-07-13|266.0
229|파이롯트|필기구|성수|10.15(토)-11.27(일)|2022-10-21|267.0
230|카페희다|['생과일 우유', '두치커피']|강남구 압구정로 12길 22|9.5~9.28|2019-09-06|268.0
231|더앨리|흑당밀크티|비이커 한남|5/31~7/31|2019-06-17|269.0
232|서울우유|['디저트카페', '저지우유', '저지아이스크림', '밀크티', '옥수수우유']|롯데백화점 관악|3/5~5/31|2019-04-24|270.0
233|삭스어필|양말|이태원|12/22~1/6|2018-12-27|271.0
234|KENZO|['의류', '잡화', '신발']|강남구 테헤란로 152 지하2층|2월 24일(월) - 28일(금)|2020-02-24|272.0
235|진로|두꺼비집|포차어게인 강남|5/17~6/30|2019-05-30|273.0
236|어메이징 브루잉 컴퍼니|['수제 맥주', '막걸리']|성수|10.28(금)-10.30(일)|2022-10-26|275.0
237|아트앤에디션|['에디션 도자기', '원화', '판화']|한정판 에디션 도자 접시 SNS이벤트 참여 시 15% 할인 프로모션 진행|03.15(화) - 04.03(일)|2022-03-28|276.0
238|['zip 마티스토어', '월리를 찾아라', '꼼데가르송 CDG3', '김토끼 스튜됴', '막례스토랑', 'OFF-STREET']|['null', 'null', 'null', '스튜됴', '스토랑', 'null']|['성동구 성수이로7가길 24 1층', '영등포구 여의대로 108 더현대 서울 5층', '영등포구 여의대로 108 더현대 서울 1층', '영등포구 여의대로 108 더현대 서울 6층', '영등포구 여의대로 108 지하 1층', '성동구 서울숲길46']|['06.18(토)-08.21(일)', '06.24(금)-07.13(수)', '05.19(목)-07.03(일)', '06.03(금)-07.14(목)', '07.01(금)-07.14(목)', '06.17(금)-07.03(일)']|2022-07-02|277.0
239|원신|['도넛', '플레이', '굿즈']|서대문구 신촌로 83 신촌 현대백화점 지하 2층|10.14(금)-10.23(일)|2022-10-14|278.0
240|예스어스 팜|농산물|서울숲길50, 프로젝트렌트 2호점|12.27(화)-01.08(일)|2023-01-03|279.0
241|빔봄바|['제품', '도자기', '가방', '자수']|부산시 연산동 과정로 114번길 42|11.16~11.24|2019-11-18|280.0
242|NH투자증권|주식|더현대서울|03.26(금)-05.09(일)|2021-04-09|281.0
243|삭샵|팝업스토어|롯데백화점 인천터미널점 3층|08.28 - 종료시까지|2020-08-28|283.0
244|호롱상회|호롱|인사동 쌈지길 3층|11.01(월)-11.30(화)|2021-11-10|284.0
245|라이언|치즈볼|현대백화점 판교|1/19~3/14|2019-01-31|286.0
246|세컨드모닝|귀여운 제품|성수|08.23(화)-09.04(일)|2022-08-25|287.0
247|핀즐|리미티드 에디션 라인 핀즐 콜렉트|갤러리아 압구정 본점 WEST 5층|05.28(금)~06.10(목)|2021-06-04|288.0
248|센드리온|여성 수제화|용산아이파크몰|1/4~1/17|2019-01-14|289.0
249|코스모|뷰-티/팬시|중구 을지로12길 8, 1층 디엣지|12.09(금)-12.11(일)|2022-12-09|290.0
250|['한국 야쿠르트', 'fredit', 'hy']|['한정판 굿즈']|['양천구 목동동로10길 22, hy프레딧샵']|['10.05(수)-10.14(금)', '10월 10일', 'YAKU DAY']|2022-10-07|292.0
251|['zip 가나 초콜릿 하우스', '마블 팝업스토어', '록시땅 스테이 2.0', '미미x헤지스', '포켓몬 팝업스토어', '디즈니 러브네이처']|['null', 'null', 'null', 'null', 'null', 'null']|['성동구 성수이로 3길 18-1', '안성시 공도읍 서동대로39030-39 스타필드', '용산구 이태원로 55길 157', '영등포구 여의대로 108 더현대 서울', '강남구 봉은사로 524스타필드 코엑스몰 지하1층', '여의도 더현대 서울 지하1층 대행사장']|['04.19(화)-05.12(목) 화-금 12:00~20:00 토-일 11:00~20:00 매주 월요일 휴무', '04.25(월)-05.08(일) 매일 : 10:00~22:00', '04.21(화)-05.01(일) 매일 : 11:00~20:00', '04.22(금)-05.12(목) 매일 : 10:30~20:00 (금-일 20:30)', '04.29(금)-05.15(일) 매일 : 10:30~22:00', '04.29(금)-05.05(목) 매일 : 10:30~20:00(금-일 20:30)']|2022-04-30|293.0
252|스컬피그|액티브 웨어|대전 세이 백화점|10.31 ~ 11.17|2019-11-14|294.0
253|['마르디 메크르디', '패브릭 포터리', '렉슨', '엔알 세라믹스']|['여성 패션', '세라믹 웨어', '패브릭 포터리', '조명', '수공예 오브제']|더현대 서울 지하2층|08.01(월)-08.31(수)|2022-08-02|295.0
254|뉴욕 친환경 브랜드|['가방', '모노그램 가방']|현대백화점 판교|07.01-07.14|2020-07-06|296.0
255|['zip Adilicious', '앗츄패드 팝업스토어', 'OFF-STREET', 'BEER GARDEN', '상쾌환 스토어', 'NOS7 팝업스토어', '분더샵 청담 케이스스터디']|['null', 'null', 'null', 'null', 'null', 'null', 'null']|['중구 동호로24길 7 태극당 본점', '강남구 영동대로 114길 5 이브자리 1층', '성동구 서울숲길46 1층', '성수동 연무장1길 7-1 공간와디즈 1층 야외마당', '성동구 성수동2가 315-10', '강남구 압구정로60길 21', 'null']|['06.13(월)-06.30(목) 매일 : 08:00-21:00', '06.10(금)-07.31(일) 월-토 : 10:30~21:00 일, 공휴일 : 10:30~20:30', '06.17(금)-07.03(일) 화-일 : 12:00~20:00 (월요일 휴무)', '06.24(금)-06.26(일) 금 : 17:00-20:00 토, 일 : 13:00-20:00', '06.07(화)-06.27(월) 매일 : 11:00~20:00', '06.17(금)-06.30(목) 매일 : 11:00~20:00', 'null']|2022-06-25|297.0
256|블루반|['스킨케어', '선케어']|성수동|07.27(화) 08.15(일)|2021-08-09|298.0
257|['조 러브스', '조 말론']|향수|신사동 가로수길(도산대로11길 16)|04.06(화)-06.30(수)|2021-06-21|299.0
258|달심|['차', '주스', '달심식']|롯데백화점 노원점 2층|04.09(금)-04.15(목)|2021-04-13|300.0
259|고심이 팝업스토어|노트북 스티커|경복궁역 근처 원모어백|08.06(금)-09.13(월)|2021-08-20|301.0
260|롯데칠성음료 클라우드 생 드래프트|바비큐|성수 에스팩토리 루프탑|08.26(금)-09.07(수)|2022-08-31|303.0
261|잔망 루피|굿즈|현대백화점 신촌 유플렉스 지하 2층|09.02(목)-09.12(일)|2021-09-07|304.0
262|설화수|['에디션', '스타 컬렉션']|강남역 11번출구 윤조|5/16~5/28|2019-05-24|306.0
263|탐스제로|비치바(bar)|양양 레인보우비치, 서피비치|['08.12(금)-08.14(일)', '08.15(월)-08.16(화)']|2022-08-12|307.0
264|폴스부띠끄|['신제품', '베스트 제품', '가방']|영등포 타임스퀘어(영등포구 영중로 12)|9.10 - 9.22|2019-09-19|308.0
265|크리스찬 루부탱|['구두', '백', '향수', '메이크업']|여의대로 108, 더현대 서울 1층|01.09(월)-01.26(목)|2023-01-20|309.0
266|헬로키티 문방구|팝업스토어|성수|09.01(목)-10.10(월)|2022-09-29|310.0
267|['에끌레어', '다쿠아즈']|['수제 디저트들', '마카롱']|양재AT센터|2/8~2/10|2019-02-10|311.0
268|일일공칠, 꼬떼아꼬떼|['리빙', '문구', '패션', '가디건', '티셔츠']|마포구 망원동 413-48|09.18-09.30|2019-09-26|312.0
269|하우스 오브 미나리마|['해리포터 굿즈', '도서']|홍대|2019.12.13 - 2020.1.12|2019-12-19|313.0
270|디즈니|['아동 Family 상품', 'MZ 세대']|경기도 하남시 미사대로 750 신세계백화점 스타필드 하남점 1층 중앙광장|12.16(금)-12.29(목) 매일: 10:30-20:00 (금토일 21:00)|2022-12-20|314.0
271|로얄앤컴퍼니|욕실 디자인, 타일, 자재, 소품|경기 화성시 팔탄면 시청로 895-20|화~일 : 11:00 - 22:00, 매주 월요일 휴무|2022-02-25|315.0
272|무직타이거|디저트|경기 파주시 지목로 137, 말똥도넛|02.17(금)-03.08(수)|2023-02-21|317.0
273|['젠틀몬스터', '몽클레르']|['의류', '에디션', '블랙 피크', '아이스크림']|강남구 압구정로46길 50 하우스 도산|05.05(목)-05.30(월)|2022-05-12|318.0
274|디즈니 코리아|마블 히어로|안성 스타필드|04.25(월)-05.08(일)|2022-04-28|319.0
275|['독특하고 개성넘치는 디자이너 브랜드', '어메이징브루 컴퍼니']|['식음료', '디자이너 브랜드 제품']|가로수길 옥림빌딩|7/26~7/28|2019-07-26|320.0
276|tvN|['팝업 체험공간', 'tvN 굿즈']|홍대 무신사 테라스|10.09(토)-10.24(일)|2021-10-12|321.0
277|표뵤뵤|DIY 제품|서교동|04.19(화)-06.05(일)|2022-05-20|322.0
278|이브자리|['냉감 패드', '앗츄패드']|강남구 영동대로 114길 5 이브자리 1층|06.10(금)-07.31(일)|2022-06-22|323.0
279|['젤리크루', '영이의 숲', '소소로운', '푸르름디자인', '치치랜드']|['키링', '스티커', '메모지', '다이어리', '스크래치 복권', '인형 뽑기', '캔디', '컷 앨범']|강남구 봉은사로 524, 스타필드 코엑스몰 B1 메가박스 옆 행사장|01.05(목)~01.18(수)|2023-01-10|326.0
280|샤인블링|['블라우스', '원피스', '가방', '자켓']|판교 크래프톤|2/18~2/22|2019-02-17|327.0
281|마우리치오 카텔란 WE|미술 전시회|용산구 이태원로55길 60-16, 리움미술관|01.31(화)-07.16(일)|2023-02-22|330.0
282|폼이와 원모어백|['마우스패드', '스티커', '엽서', '한정 콜라보 제품']|종로구 필운대로 6-1, 2층|2월 14일 - 3월 8일|2020-02-17|331.0
283|요기요|['배달앱', '팝업스토어']|강남구 봉은사로 524, 코엑스 지하1층 메가박스 앞|12.15(목)-1.1(일)|2022-12-21|332.0
284|디플레르|가방|현대백화점 판교점|8.26~9.9|2019-08-30|333.0
285|['탐스', '빅토리아']|신발|DDMC|12/12~12/14|2018-12-12|335.0
286|신라면X제페토|라면|성동구 연무장15길 11 에스팩토리 A동|01.09(월)-02.08(수), *1/22, 23 휴무, 평일 12:00-20:00, 주말 11:00-19:00 (시식존 매일 13:00-18:00)|2023-01-11|337.0
287|센트레코트|테니스 용품, 의류, 디지털 acc|압구정|{'start': '12.17(금)', 'end': '01.31(월)'}|2021-12-27|338.0
288|['엘레쎄', '스티그마']|['팝업']|건대커먼그라운드|6/26~7/19|2019-07-03|339.0
289|['제니', '젠틀몬스터']|안경/선글라스|강남구 압구정로 46길 50 하우스도산|03.18(금)-04.30(토)|2022-03-30|340.0
290|까사미아|리빙&라이프스타일|신세계백화점 강남|5/17~6/6|2019-05-27|341.0
291|뮤제|의류|갤러리아백화점 웨스트점|11.29 ~ 12.12|2019-12-05|342.0
292|형지패션그룹|['크로커다일레이디', '샤트렌', '에스콰이아 제화']|신논현 에임하이타워|4/15~19|2019-04-15|343.0
293|제이스타일|여성의류|가로수길|12/20~12/23|2018-12-21|344.0
294|<진짜 다이렉트 라면>|라면|종로 익선동|12.05(일)-12.31(금)|2021-12-07|345.0
295|쓰리먼스|['팝업', '스티커', '그립톡', '모찌인형', '캐릭터 굿즈']|홍대 오브젝트|5/14~6/15|2019-05-29|346.0
296|에뛰드하우스|립스톡|명동|4/6~4/30|2019-04-14|347.0
297|로이비|['향수', '스킨케어']|가로수길|04.06(화)-06.30(수)|2021-05-28|348.0
298|['zip 29CM Gallery', '무직타이거', '슈퍼말차', '블랑제리뵈르', 'Mmlg s Hollywood', '레고']|['팝업', '팝업스토어']|['영등포구 여의대로 108 더현대 서울 지하2층', '강남구 테헤란로 517 현대백화점 무역센터점 B1', '성동구 아차산로 104', '강남구 강남대로 426', '강남구 테헤란로 521 파르나스몰 B1']|['08.01(월)-08.31(수)', '07.28(목)-08.10(수)', '08.01(월)-08.07(일)', '08.01(월)-08.14(일)', '07.25(월)-08.18(목)', '07.20(수)-08.14(일)', '07.21(목)-07.31(일)']|2022-08-06|349.0
299|펭수|굿즈|강남구 봉은사로 524, 지하1층 메가박스 앞|12.08(목)-12.18(일)|2022-12-12|350.0
300|['zip 푸마', '어피스오브케이크', '선데이플래닛47', '무주산골영화제', '어메이징 벨리곰', '젠틀가든', '라이프 오아시스 2.0']|[None, None, None, None, None, None, None]|['성동구 성수이로7길 41', '성동구 연무장길57 1층', '성동구 서울숲길 50 1층', '성동구 서울숲길 43 2층, 프로젝트렌트 3호점', '잠실 롯데월드 타워 월드파크', '강남구 압구정로 46길 50 하우스도산', '성동구 연무장 15길 11']|['03.30(목)-04.10(일)', '04.02(토)-04.10(일)', '04.05(화)-04.17(일)', '03.31(목)-04.09(토)', '04.01(금)-04.17(일)', '03.18(금)-04.30(토)', '03.22(화)-04.21(목)']|2022-04-09|351.0
301|['티읕', 'VOIB', '코코베리', '츄퍼마켓', '부산창조경제혁신센터']|제품|강남구 역삼로 180, MARU180 1층 로비|10.31(월)-12.23(금)|2022-12-19|352.0
302|인생광어|['광어살', '컵광어', '광어튀김', '광칩스']|서귀포 매일올레시장|8/15~31|2019-08-16|353.0
303|동방북스|['영어원서', '일러스트', '그림책', '팝업북']|현대백화점 판교|2/1~2/28|2019-02-11|354.0
304|호즈미|['에코백', '털파우치', 'B급제품']|경복궁역|3/22~4/8|2019-04-03|355.0
305|['푸마', '아디다스', '뉴발란스', '나이키']|['겨울 의류', '잡화', '패딩', '파카', '워머', '런닝화']|서울특별시 마포구 매봉산로 75|1월8일(수) - 10일(금)|2020-01-08|356.0
306|알로봇|유아동 의류|신세계백화점 충청점|08.30~09.15|2019-09-04|357.0
307|미미|프린세스 미미파티|고양스타필드|1/19~1/26|2019-01-24|358.0
308|제니아테일러|플레이트|성수 LCDC|04.18(월)-04.24(일)|2022-04-19|359.0
309|맹그로브|1인실|성수|07.01(금)-07.31(일)|2022-07-07|360.0
310|블루레뇨|['주방가구', '요리 소도구', '식탁']|롯데아울렛 구리점|7/22~8/2|2019-07-30|361.0
311|로이스|생초콜릿|현대백화점 판교|3/8~3/14|2019-03-11|362.0
312|메로메로|['에어팟 케이스', '엽서', '그립톡', '휴대폰 케이스', '다양한 아이템']|안양점|2019.12.27 ~ 2020.01.09|2019-12-31|364.0
313|['나이키', '아디다스', '퓨마', '리복', '컨버스']|다양한 제품들|상암 동아 디지털 미디어 센터[DDMC] B1층 행사장|10.21(월) - 10.25(금)|2019-10-21|365.0
314|연플리&에이틴|['캐릭터 틴트', '워터북', '스티커', '파우치', '굿즈']|가로수길 by 대한민국(강남구 압구정로 12길 22)|09.05~09.28|2019-09-06|367.0
315|프렐류드|['문구', '지우개', '공책', '다이어리', '마스킹테이프']|성동구 서울숲길 43|10.30 - 11.13|2019-11-05|368.0
316|쿠키런|['피규어', '인형', '키링', '스티커 팩']|['여주', '시흥', '파주']|['11.19(토)-01.15(일)', '매주 토,일만 운영', '매주 토, 일 : 10:30~21:00']|2022-11-25|369.0
317|벨레다|뷰티|서울숲|05.12(수)-05.22(일)|2022-05-17|370.0
318|3CE|코스메틱|강남구 가로수길|08.22(월)- 9/25(일)|2022-08-24|371.0
319|카카오프렌즈|굿즈|서울역|19.12.19 ~ 20.3.17|2020-01-02|372.0
320|['zip 뉴진스', '리얼월드', '노티드', '스마일링 포켓몬', 'N 1 DE CHANEL GARDEN', 'SOL SOUL SEOUL', '마이리틀셰프 시아카페']|['null', 'null', 'null', 'null', 'null', 'null', 'null']|['영등포구 여의대로 108 더현대서울 B2', '성동구 연무장13길 8', '송파구 올림픽로 300 롯데월드몰 1층', '송파구 올림픽로 300 잠실 롯데타워 광장', '서울 성동구 연무장길 101-1 성수오우드', '성동구 서울숲길 50, 프로젝트렌트 2호점', '성동구 연무장7가길 8']|['08.12(금)-08.31(수)', '08.16(화)~', '08.16(화)-08.31(수)', '08.16(화)-09.12(월)', '08.04(목)-08.21(일)', '08.11(목)-08.21(일)', '08.03(수)-08.27(토)']|2022-08-20|373.0
321|['zip PET STIVAL', '플라스틱프로덕트', '페이퍼팝', '애니웨어 치즈', '시엔느', 'ul:kin', '몽고간장']|['null', 'null', 'null', 'null', 'null', 'null', 'null']|['강남구 언주로164길 21-3 꼴라보하우스 도산', '대구 중구 달구벌대로2095 반달스퀘어 1F, 카펫뉴스 컬처라운지', '송파구 충민로66 현대시티몰 가든파이브몰관 1층', '성동구 성수동1가 서울술4길 12-22, 구욱희씨', '영등포구 여의대로 108 더현대서울B2 아이코닉 팝업존', '영등포구 여의대로 108 더현대서울 B2 아이코닉 팝업존', '성동구 연무장길57, 1층 토로토로 스튜디오']|['09.15(목)-09.27(화) 매일 : 10:00 ~ 20:00', '09.01(목)-10.09(일) 매일: 11:00~20:00', '09.16(금)-09.29(목) 월-목: 10:30~20:30 금-토: 10:30~21:30', '09.22(목)-09.25(일) 22일 : 17:00 ~ 20:00 23일-24일 : 12:00 ~ 20:00 25일 : 12:00 ~ 18:00', '09.08(목)-09.21(수) 월-목: 10:30~20:00 금-일:10:30~20:30', '09.08(목)-09.21(수) 월-목: 10:30~20:00 금-일: 10:30~20:30', '09.16(금)-09.29(목) 월-금: 12:00~19:00 토-일: 12:00~20:00']|2022-09-24|374.0
322|브라이언베리|캐주얼 의류|서울 마포구 동교로29길 34, 연남방앗간|3월 31일 - 4월 26일|2020-04-02|375.0
323|마미손|굿즈|용산아이파크몰|12/14~12/25|2018-12-15|376.0
324|필그림|주얼리|시청역 퍼시픽타워|3/4~3/8|2019-03-04|377.0
325|낙원타코x낙원스낵|['타코', '곱창', '대창', '피자', '마약옥수수']|롯데백화점 본점|3/22~3/27|2019-03-25|378.0
326|APOC SEOUL|['의류', '액세서리', '모자', '도자기 굿즈', 'S/S 시즌 신제품']|성수동|04.02(토)-04.10(일)|2022-04-05|379.0
327|쥬얼리|다이아몬드 홀리데이 에디션 제품|여의도 전경련회관 B1(여의도역 2번출구)|19.12.16 - 12.18|2019-12-17|380.0
328|탐스&빅토리아|국민신발|대치역 스위트스팟|6/30~7/5|2019-07-02|381.0
329|카페노티드|['도넛', '생크림팥', '솔티드카라멜', '앙버터', '쿠앤크']|갤러리아웨스트|12/3~12/20|2018-12-07|382.0
330|화소반|그릇|갤러리아 압구정 본점|05.17(월)-06.30(수)|2021-06-14|383.0
331|자빈드서울|'Hugging' 라인의 신제품|성수|06.24(금)-07.07(목)|2022-07-04|384.0
332|슬립앤슬립|['침구', '베개', '토퍼']|대전 서구 문정로 72|10.07(금)~ 매일 : 11:00~20:00|2022-10-26|385.0
333|['짱구', '스파오']|['굿즈', '초코비', '과자', '잠옷']|신촌점|09.24-10.03|2021-09-24|386.0
334|트루베카라멜리에|카라멜|현대백 무역센터 대구|12/28~1/24|2019-01-01|387.0
335|['zip 예일x나이스웨더', 'I AM SOSO', '치공', '토끼', 'T1 SHOP', '더 퍼스트 슬램덩크']|['팝업스토어', None, '팝업스토어', None, '팝업스토어', None]|['영등포구 여의대로 108, 더현대 서울 B2층', '마포구 와우산로35길 13, 오브젝트 서교점 1층', '마포구 양화로 188 2층 비옥', '강남구 강남대로162길 27, 신사하우스', '송파구 올림픽로 300 잠실 롯데월드몰 B1층', '영등포구 여의대로 108, 지하2층']|['01.26(목)-02.08(수)', '01.04(수)-02.26(일)', '01.26(목)-02.28(화)', '02.04(토)-02.26(일)', '01.16(월)-02.15(수)', '01.26(목)-02.07(화)']|2023-02-04|388.0
336|드파운드|전 제품|현대백화점 무역센터점|['11.01', '11.10']|2019-11-05|389.0
337|비비안|속옷|당산 이레빌딩(영등포구 선유동2로 57)|8/27~8/29|2019-08-26|390.0
338|['zip테디베어', '무직타이거', '마우리치오 카텔란', '별의 커비', '노우라이', '2023 두껍상회', '갤럭시S23']|['팝업스토어', '케이크', '도넛', '리움미술관', '현대백화점', '갤럭시S23']|['마포구 동교로29길 68', '경기 파주시 지목로 137', '용산구 이태원로55길 60-16', '서대문구 연세로 13 현대백화점 U-PLEX 신촌점 지하2층', '성동구 서울숲길50', '강남구 강남대로 420']|['02.17(금)-02.26(일)', '02.17(금)-03.08(수)', '01.31(화)-07.16(일)', '02.14(화)-03.05(일)', '01.20(금)-03.05(일)']|2023-02-25|391.0
339|마지셔우드|식료품|용산구 이태원로 241 비이커 한남|7/15-7/20|2022-07-15|392.0
340|스포어|포장재|성수|02.07(화)-02.19(일)|2023-02-14|395.0
341|T1 SHOP|['LCK 트로피', '유니폼 저지', '캘린더', '응원 키트', '의류', '다양한 제품']|송파구 올림픽로 300 잠실 롯데월드몰 B1층|01.16(월)-02.15(수)|2023-01-23|396.0
342|포테이토스테이션|['감자빵', '감자굿즈', '감자칩', '감자쿠션']|현대프리미엄아울렛 송도점 B1F 가든스퀘어|03.24(금)-04.06(목)|2023-03-22|397.0
343|쿠키런 킹덤|['굿즈']|['스타필드 하남점', '스타필드 고양점']|['12.16(목)-01.14(금)', '01.15(토)-01.28(금)']|2022-01-04|398.0
344|아트토이|피규어|마포구 와우산로23길 56|이번 주|2022-07-11|399.0
345|팝마트|아트토이|부산 신세계백화점 센텀시티점|03.21(화)-06.19(월)|2023-03-21|400.0
346|할머니학화호두과자|['앙금', '호두과자']|신세계 충청 천안|7/26~8/15|2019-08-02|401.0
347|['zip 활명수 1897', '어메이징 비어 페스트', '어메이징 브루잉 컴퍼니', 'DREAMWORLD', '갓생기획실', '어메이징오트 카페', '프로젝트 렌트 올드타운점', '파이롯트 오피스']|['null', '비어', 'null', 'null', 'null', 'null', 'null', 'null']|['성동구 서울숲2길 42', '강남구 강남대로 420', '마포구 양화로 176 와이즈파크 B2', '중구 을지로 281 DDP', '성동구 성수이로3길 18-1', '성동구 연무장길 57', 'null', 'null']|['10.19(수)-11.10(목)', '10.28(금)-10.30(일), 10.12(수)-11.27(일)', '10.22(토)-12.04(일)', '10.14(금)-11.13(일)', 'null', '10.08(토)-11.06(일)', 'null', '10.15(토)-11.27(일)']|2022-10-29|403.0
348|아이즈원|[팬덤]머그컵, 텀블러, 응원봉|홍대 Exit|3/29~4/30|2019-04-01|405.0
349|소공원(롯데백 본점)|플라워마켓|도심|2/22~5/31, 3/17까지|2019-03-12|406.0
350|딜라잇|['스테인드글라스', '조명', '썬캐쳐', '거울']|연희대공원|09.13(월)-09.19(일)|2021-09-16|407.0
351|['휠라', '탑텐', '탐스', '빅토리아키즈', '영풍문고']|['도서', '문구류']|상암DDMC|2/18~2/22|2019-02-18|408.0
352|['zip 소울메이트', '마시마로', '레고', '키스미', '망상리 토끼', '5pen the Box']|['null', 'null', 'null', 'null', 'null', 'null']|['성동구 연무장17길 4', '마포구 어울마당로 65, 상상마당 1층', '강남구 강남대로 426, 일상비일상의틈', '강남구 강남대로162길 36', '영등포구 영중로 9, 영등포 신세계백화점 타임스퀘어 지하 2층', '강남구 영동대로 513, 코엑스 Kpop광장']|['02.24(금)-03.22(수)', '02.13(월)-04.02(일)', '03.01(수)-04.09(일)', '03.01(수)-03.31(금)', '02.24(금)-03.16(목)', '03.09(목)-03.12(일)']|2023-03-11|410.0
353|['zip 독립문 헤리티지', '3CE', 'SEMO MARKET', 'into the box', '뉴진스', '스마일링 포켓몬', '노티드 팝업스토어']|['null', 'NEW TAKE', 'null', 'null', 'null', 'null', 'null']|['강남구 가로수길 51', '강남구 압구정로8길22', '성동구 서울숲길50 프로젝트렌트 6호점', '성동구 서울숲길43 프로젝트렌트 1호점', '영등포구 여의대로 108 더현대서울 B2', '송파구 올림픽로 300 잠실 롯데타워 광장', '송파구 올림픽로 300 롯데월드몰 1층']|['08.12(금)-09.07(수) 11:00~21:00', '08.22(월)- 매일: 11:00~22:00', '08.23(화)-09.04(일) 월-금: 12:00~19:00 토-일: 11:00~19:00', '08.23(화)-09.04(일) 매일: 12:00~20:00', '08.12(금)-08.31(수) 월~목: 10:30~20:00 금~일: 10:30~20:30', '08.16(화)-09.12(월) 매일 : 10:30~22:00', '08.16(화)-08.31(수) 매일 : 10:30~22:00']|2022-08-27|411.0
354|더 히스토리 오브 후|화장품|롯데백화점 본점 1층|10.28 - 11.3|2019-10-30|412.0
355|엔씨소프트|['마스코트', '파우치', '굿즈', '패키지 상품']|가로수길|4/27~5/6|2019-04-30|413.0
356|폴310|빵|부산|10.24~11.30|2019-11-15|414.0
357|오뚜기, 삼양|['라면', '스파게티']|더현대 서울 라면 백화점 88|04.30(토)|2022-02-11|415.0
358|쓰담슈즈|운동화|을지로입구 센터원빌딩|6/3~6/7|2019-06-05|416.0
359|뉴진스|['굿즈', '케이크']|['하우스 도산점', '성수점']|12.23(금)-01.21(토)|2022-12-27|417.0
360|독립문|{'1층': '내복', '2층': '의류부터 굿즈까지', '3층': '로스팅 카페로 유명한 성수동 마르코웤스'}|강남구 가로수길 51|08.12(금)-09.07(수)|2022-08-23|418.0
361|하얀바늘|업사이클 제품|성수|3/29(화)-5/1(일)|2022-04-13|419.0
362|젤리크루|['이모티콘', '인형', '다꾸 용품', '엽서']|영등포구 영중로 9, 지하 2층|02.24(금)-03.16(목)|2023-03-09|422.0
363|희다|['딸기청', '딸기우유', '홍차우유', '다양한 우유']|롯데백화점 잠실|4/26~5/9|2019-05-02|423.0
364|신저모자|모자|신세계강남|12/24~12/30|2018-12-26|424.0
365|['zip 요기요', 'OMG! NU+JEANS', '메리 메이플', '예스어스 팜']|['null', 'null', 'null', 'null']|['강남구 봉은사로 524, 코엑스 지하1층 메가박스 앞', '강남구 압구정로46길 50 하우스 도산 B1', '성동구 연무장길 38-1, GS25도어투성수', '성동구 서울숲길50, 프로젝트렌트 2호점']|['12.15(목)-1.1(일)', '12.23(금)-01.21(토) 1월1일 휴무', '12.20(화)-01.08(일)', '12.27(화)-01.08(일)']|2023-01-03|425.0
366|레고코리아|['다이너마이트', '레고']|강남구 강남대로 426, 일상비일상의틈|03.01(수)-04.09(일)|2023-03-07|426.0
367|호떡스|['찹쌀떡', '한국적인 맛있는 음료']|익선동|02.16(수)|2022-01-25|427.0
368|럭키마르쉐|['티셔츠', '볼캡', '미니백', '럭키마르쉐X테트리스 데일리 템']|성수동|07.08(목)-07.28(수)|2021-07-13|428.0
369|시몬스|['디저트']|['이천', '경기도']|07.08 - 10.25|2020-07-16|430.0
370|라이프아카이브|['캐리어', '크루 삭스', '의류']|홍대|8.26~9.16|2019-09-09|431.0
371|밀크터치|뷰티|성동구 서울숲길 50|04.01(토)-04.09(일)|2023-03-31|432.0
372|맥심|모카골드|합정|5/24~7/17|2019-06-02|433.0
373|벨리토끼|굿즈|롯데월드몰|12.27(화)-01.11(수)|2023-01-03|435.0
374|도레미마켓|옥수수빵|가로수길|9.5~9.28|2019-09-05|437.0
375|원기옥|['음식', '해산물', '삼합전', '낙지볶음', '한우', '보양전골']|성수낙낙|매일 11:30-22:00 (브레이크 타임 : 15:00-17:00)|2022-02-22|438.0
376|안젤라코코|의류|롯데백화점 일산점 1층|['2월 7일', '2월 13일']|2020-02-07|439.0
377|몽고간장|['매운간장', '굿즈']|성수|09.16(금)-09.29(목)|2022-09-16|440.0
378|플라스틱프로덕트|플라스틱 제품|대구 삼성생명빌딩|09.01(목)-10.09(일)|2022-09-20|441.0
379|다꾸인원더랜드|다양한 디지털ACC|잠실 롯데월드몰 1층 아트리움|04.09(금) - 04.18(일)|2021-04-16|442.0
380|['엘르런 팝업스토어', '브룩스 브라더스', '티르티르', '엠퀴리', 'CJ팻다운', 'YEET', '엘르 코리아']|['패션', '뷰티', '리빙 라이프', '헬씨 라이프 뷰티', '안티에이징 스킨케어', '다이어트 브랜드', 'DECO BOOK', '패키지']|강남구 영동대로513 스타필드 코엑스 몰 지하 1층 잠바주스 앞 팝업존|09.07(수)-09.25(일)|2022-09-14|443.0
381|코펜하겐 레서피|['유기농 사료', '에센셜 캡슐']|성수 LCDC|04.01(금)-04.17(일)|2022-04-08|444.0
382|아르브|['백', '미니백', '반지갑']|현대백화점 압구정|7/16~18|2019-07-16|445.0
383|GABS|이태리국민백|롯데백화점 중동|1/7~1/13|2019-01-12|446.0
384|바이얼민스|스트릿 브랜드|롯데백화점 평촌점 5F|2월 6일 - 2월 16일|2020-02-06|447.0
385|아이토브|아우터|롯데월드몰 1층 스위트스팟 매장|19.12.4 ~ 20.1.4|2019-12-04|448.0
386|['LG', 'SK렌터카', '스텔라']|['오락실 게임', '라면', '비주얼 아트 전시']|['null', '한옥 인테리어', 'null']|['null', 'null', '궁예를 부탁해 이벤트']|2021-12-28|449.0
387|송월타올|['타올', '의류', '식기', '코스터', '라이프스타일 굿즈']|성동구 연무장길 1, 퓨처소사이어티|02.02(목)-02.11(토)|2023-02-06|450.0
388|['OPI', '닥터올가', 'A24', '시크릿네이처']|코스메틱|상암DDMC|6/4~5|2019-06-04|451.0
389|바프독|['강아지 생식 전문 브랜드', '다양한 제품']|강남구 언주로164길 21-3 꼴라보하우스 도산|09.15(목)-09.27(화) 매일 : 10:00 ~ 20:00|2022-09-19|452.0
390|['슈스스픽', 'Made by Sweden!', '지이크', '우루사']|['스타일리시&재사용 가능한 가방', '볼포 팝업 스토어', '콜라보레이션', '맛있는 베이글']|['라이즈호텔', '연희동']|['07.01 - 07.14', '06.27 - 07.05', '06.26 - 07.09', '06.20 - 07.18']|2020-07-01|453.0
391|베이커스|['JMT 왕큰엄마손파이', '빨미까레']|신세계센텀|12/21~1/3|2018-12-30|454.0
392|영국 프리미엄 양말 브랜드|양말|롯데백화점 김포공항점 지하1층|04.24 - 종료시까지|2020-07-10|455.0
393|버얼리|티웨어|롯데백화점 본점(중구 을지로 30)|9.23~10.5|2019-10-01|456.0
394|UND|가구|현대백화점 판교|6/25~7/14|2019-06-28|457.0
395|제이리움|['아우터', '코트', '가디건']|현대백화점 무역센터점|2/15~2/28|2019-02-20|458.0
396|홈오브치즈|프랑스 치즈|연남방앗간|10.28(목)-10.31(일)|2021-10-29|460.0
397|달스샵|['떡메모지', '스티커', '디저트 패키지', '복조리 패키지', '랜덤박스']|핫트랙스 광화문점|['1월 10일', '1월 23일']|2020-01-15|461.0
398|컬러콜라|['수제화', '로퍼', '스니커즈']|현대백화점 무역센터점|10.15-11.10|2019-10-24|462.0
399|'야광맨'|할로윈 용품|롯데백화점 명동 본점|10.18~10.31|2019-10-22|463.0
400|['올리브영', '구달', '라운드랩', '아누아']|클린뷰티|연남방앗간|03.18(금) - 03.27(일)|2022-03-22|464.0
401|타바스코|['굿즈']|성수구|12.07(수)-12.29(목)|2022-12-28|465.0
402|딥티크|['니치 퍼퓸']|가로수길|5/5~6/14|2019-05-16|466.0
403|베이브|['스파클링 캔 와인']|마포구 연남동 257-19(홍대 입구역 3번 출구에서 도보 8분)|05.01(토)-05.31(월)|2021-05-25|468.0
404|슈가슈가룬|카페|용산 아이파크몰|03.04(토)-04.30(일)|2023-03-22|469.0
405|루이비통|['FW상품', '다양한 카데고리의 팝업', '한정판 제품']|신세계 강남|7/1~31|2019-07-29|470.0
406|롯데백화점|럭키박스|일100개 한정|12/7~12/27|2018-12-12|471.0
407|재벌집 막내아들|팝업스토어|성수|11.17(목)-11.27(일)|2022-11-23|472.0
408|리얼닥터|건강기능식품, 100억 유산균|프로필 링크에서 확인|01.27(수) - 01.31(일)|2021-01-27|473.0
409|LG|오락실 게임|성수|10.21-12.19|2021-11-12|474.0
410|리카리카|['인테리어', '옷', '쿠션', '아이템']|신세계 강남|4/5~4/7|2019-04-05|475.0
411|동구밭|천연제품|성수동 헤이그라운드|1/31|2019-01-31|476.0
412|가민|스마트기기|압구정 갤러리아|6/28~7/25|2019-07-17|477.0
413|알디프|크림차|성동구 서울숲길 50|11.30(수)-12.25(일)|2022-12-13|478.0
414|곡물그대로21 그레인 로쉐|['과자', '캡슐뽑기']|강남대로 162길 45, 포토매틱샵|02.08(수)-02.21(화)|2023-02-09|479.0
415|인유즈|['마스크', '가방', '지갑']|성수|10.20(목)-10.30(일)|2022-10-20|480.0
416|GS25|편의점|성수|05.21(토)-06.12(일), 5/30, 6/7|2022-05-27|481.0
417|브릭월드 코른베르그|초콜릿|서울 성동구|02.28(수)|2022-02-03|482.0
418|에이스 하드웨어|['공구', '원예용품', '페인트', '캠핑용품', '의류']|현대백화점 킨텍스점|19.11.29 ~ 20.03.31|2019-12-12|483.0
419|내셔널지오그래픽|['어글리슈즈 트리핀']|롯데백화점 본점(중구 을지로 30)|9.11 - 9.26|2019-09-23|484.0
420|도우도우|찹쌀도너츠|현대백화점 신촌|5/10~19|2019-05-13|485.0
421|['레고', '유플러스']|['희귀 제품', '미니 레고', '드레스코드', '신제품', '인기 제품']|강남구 강남대로 426 일상비일상의틈|07.20(수)-08.14(일)|2022-07-26|486.0
422|홍콩다방|['홍콩 디저트 셋트', '겉바속쫀 홍콩식 에그 와플 까이딴자이', '동링차', '커피']|용산 아이파크몰 4층|06.02(수)-07.31(토)|2021-06-15|487.0
423|SF9|앨범 '퍼스트 컬렉션'|서울 송파구 롯데시네마 월드타워점|1월 8일 - 2월 2일|2020-01-16|488.0
424|싱글톤 워크오프|팝업스토어|성수|04.30(토)-05.08(일)|2022-05-05|489.0
425|디즈니|아트컬렉션|현대백화점 판교점|04.03(월)-04.16(일)|2023-04-04|490.0
426|브릭스|['벨라지오', '라이프 컬렉션']|신세계백화점 강남|6/5~6/13|2019-06-10|491.0
427|쓰담슈즈|['스틸레토 힐', '시그니처 스퀘어 앵클부츠', '플랫', '단화', '로퍼']|잠실 롯데월드몰 1층 SWEETSPOT [스위트스팟] 매장|1월 7일(화) - 2월 3일(월)|2020-01-09|492.0
428|잔망루피|굿즈|더현대서울 지하 2층|02.23(수)-03.09(수)|2022-03-04|493.0
429|록시땅|에코 뮤지엄|용산구 이태원로 55길 157|04.21(화)-05.01(일)|2022-04-27|494.0
430|카카오톡|팝업스토어|현대백화점 중동점|7/18~28|2019-07-24|495.0
431|골든듀|다이아몬드월드|현대백화점 판교|6/25~7/7|2019-06-27|496.0
432|현대백화점|전통문화상품|압구정 본점|05.17(월)-05.23(일)|2021-05-21|497.0
433|크로우캐년홈|리빙 제품들|도레도레 신사점|11.9 ~ 11.17|2019-11-13|499.0
434|꽈페|꽈배기|광교 갤러리아 백화점|{'start': '04.01(목)', 'end': '05.31(월)'}|2021-04-06|500.0
435|현대극장|팝업스토어|전주 한옥마을(전주시 완산구 풍남동3가 64-1)|8.18 - 10.13|2019-09-16|502.0
436|유니콘마켓|플리마켓|인천공항 제1터미널|5/23~26|2019-05-23|505.0
437|임시정부|['웹드 연플리', '에이틴', '메이크스타의 아이돌 굿즈', '빈폴', 'F&B 카페희다', '막걸리학교', '리얼찰옥수수빵']|신사동 가로수길|9.5~9.28|2019-09-05|507.0
438|밀라튜튜|유아동 발레복|현대백화점 판교 프리미엄|2/22~2/28|2019-02-27|508.0
439|언와인드|가구|롯데백화점 잠실|7/8~8/18|2019-07-31|509.0
440|파바|디저트|오브젝트 서교점|02.11(금)-02.24(목)|2022-02-15|510.0
441|샹프리|스파 전문 스킨케어 제품|성수|08.18(목)-09.04(일)|2022-09-01|511.0
442|['zip 시엔느', 'ul:kin', '몽고간장', '탈리다쿰', 'CHO SHOP', '엘르런']|[None, None, None, None, None, None]|['영등포구 여의대로 108 더현대서울B2 아이코닉 팝업존', '영등포구 여의대로 108 더현대서울 B2 아이코닉 팝업존', '성동구 연무장길57, 1층 토로토로 스튜디오', '성동구 연무장17길 10 LCDC 서울', '마포구 토정로 3길 13', '강남구 영동대로513 스타필드 코엑스 몰 지하 1층 잠바주스 앞 팝업존']|['09.08(목)-09.21(수) 월-목: 10:30~20:00 금-일:10:30~20:30', '09.08(목)-09.21(수) 월-목: 10:30~20:00 금-일: 10:30~20:30', '09.16(금)-09.29(목) 월-금: 12:00~19:00 토-일: 12:00~20:00', '08.18(목)-09.29(목) 매일: 11:00~20:00', '08.05(금)-09.30(금) 매주 월요일, 추석 당일 휴무 화-일 : 12:00-20:00', '09.07(수)-09.25(일) 매일: 10:00~22:00']|2022-09-17|512.0
443|무신사 스탠다드|['슬랙스']|성수|04.29(금)-05.22(일)|2022-05-09|513.0
444|무직타이거|['굿즈', '비타500 데일리스틱', '메소드 핸드워시', '뷰센 양치키트', '롯데제과 뚱랑이의 간식 자판기', '메가모찌 뚱랑이 쿠션']|여의대로 108 더현대 서울 지하2층 아이코닉 팝업존|07.28(목)-08.10(수), 08.08(월) 백화점 휴무, 매일 : 10:30~20:00(금토일 20:30)|2022-08-03|514.0
445|무주산골영화제|['굿즈']|성수|03.31(목)-04.09(토)|2022-04-06|515.0
446|히어로크로스 디즈니|['피규어', '디즈니 제품']|더현대 서울 마키마우스|05.27(금)-06.23(금)|2022-06-29|516.0
447|활명수|굿즈|성수|10.19(수)-11.10(목)|2022-10-26|517.0
448|발렌티노 뷰티|['메이크업', '향수']|한남동|03.19(토) - 04.03(일)|2022-03-24|518.0
449|오스트카카|콜라보 제품|성수 오스트카카 쇼룸|07.12(화)-08.07(일)|2022-07-15|520.0
450|닥터자르트|세라마이딘|홍대|12/14~12/30|2018-12-16|522.0
451|채뉴욕|의류|판교점|01.18(월) 02.07(일)|2021-02-02|524.0
452|['zip 원정요', 'SWEET STATION', '탈리스커 보트하우스', '오버워치2', 'PROJECT555', '우영우 팝업스토어', '라인프렌즈 월드']|['null', 'null', 'null', 'null', 'null', 'null', 'null']|['영등포구 여의대로 108', '영등포구 여의대로 108, 5층 더현대서울', '강원도 고성군 토성면 천진해변길 43, 글라스하우스', '성동구 성수이로71, 수피', '서대문구 연희로 11가길 32', '경기 의왕시 바라산로 1, 롯데프리미엄아울렛 타임빌라스 1층', '성동구 성수일로4길 12']|['11.03(목)-11.16(수)', '11.04(금)-11/17(목)', '11.07(목) 11.17(목) 일-목 12:00-18:00 / 금-토 12:00-20:00', '11.10(목)-11.20(일)', '11.11(금)-11.14(월)', '11.02(수)-11.13(화)', '10.25(금)-11.13(일)']|2022-11-14|525.0
453|올데어|식물 전시|서울 영등포구 도신로 17길 6|4월 1일 - 4월 30일|2020-04-03|526.0
454|무직타이거|['베개', '쿠션', '러그', '엽서', '스티커', '그립톡', '파우치류']|합정역 메세나폴리스 홈플러스|2022 호랑이해 맞아 01.26(수)|2022-01-18|527.0
455|분크|핸드백/스카프 백팩|성수|05.27(금)-06.06(월)|2022-06-07|528.0
456|홍루이젠|국민샌드위치|신세계강남|12/27~1/13|2019-01-07|530.0
457|시노베|['치즈', '치즈와플']|부산 해운대구 센텀남대로 35|3월 6일 - 4월 19일|2020-04-07|531.0
458|LG퓨리케어|에어로퍼니처|더현대서울|12.14(수)-01.04(수)|2022-12-16|533.0
459|삼성디지털프라자|팝업스토어|홍대점|매일 10:30~20:30|2021-05-14|534.0
460|['공간 와디즈', '제주맥주']|['비어가든', '제주맥주']|서울 성수동 연무장1길 7-1 공간와디즈 1층 야외마당|06.24(금)-06.26(일)|2022-06-24|535.0
461|스와로브스키|주얼리|영등포타임스퀘어|[11/29~12/25]|2018-12-04|536.0
462|링고라벨|['다이어리', '오토바이', '자전거', '헬맷', '스티커', '굿즈']|롯데몰 김포공항점 GF층|05.28(금)-07.31(토) 매일 10:30 - 22:00|2021-06-25|537.0
463|젤라또팩토리|['네일', '패디']|롯데월드타워|8/8~8/15|2019-08-14|538.0
464|동네서울|로컬브랜드|마포구 토정로3길 13, 마음스튜디오|12.17(토)-12.18(일)|2022-12-14|539.0
465|유부초밥|['한우육회 초밥', '다양한 라인업']|롯데백화점 본점|5/17~23|2019-05-21|540.0
466|조이먼트|모자|압구정 갤러리아|3/1~3/31|2019-03-15|541.0
467|닥터자르트|포어레마디|강남구|매일 : 11:00~20:00|2022-05-03|542.0
468|투쿨포스쿨|['N톤 쉐딩']|서울숲2길 42, 갤러리 더봄|04.08(토)-04.19(수)|2023-04-14|543.0
469|마이리틀셰프|모바일 요리 게임|성동구 연무장7가길 8|08.03(수)-08.27(토)|2022-08-12|544.0
470|['필굿', '고래사어묵']|['어묵바', '맥주']|['성동구']|['12.02-12.18']|2022-12-06|545.0
471|쏘쏘패밀리|['인형', '스티커', '파우치', '쏘쏘 굿즈', '쏘쏘 키링']|마포구 와우산로35길 13, 오브젝트 서교점 1층|01.04(수)-02.26(일) 매일 : 12:00~21:00|2023-02-01|548.0
472|['우주먼지', '마일드무무']|['인형', '키링', '그립톡', '스티커']|더현대서울|04.05(수)-04.16(일)|2023-04-05|549.0
473|문보장|문구|성수|10.20(목)-11.27(일)|2022-11-22|550.0
474|러버덕 프로젝트|['러버덕', '팝업스토어']|서울 잠실 롯데타워몰|09.30(금)-10.31(월)|2022-09-28|551.0
475|아모레 퍼시픽|뷰티|성동구 아차산로11길 7|매주 월요일 휴무, 매일 10:30~20:30|2022-04-11|552.0
476|푸푸리|토일렛퍼퓸|롯데백화점 강남점 지하1층|05.18(화)-06.13(일)|2021-05-18|553.0
477|비파티세리|['베이커리', '커피']|롯데백화점 잠실|1/16~2/6|2019-01-26|554.0
478|모나미|필기구|성수동 2가 315-71 1층|03.01(화)~|2022-04-21|555.0
479|['zip', 'N 1 DE CHANEL GARDEN', 'SOL SOUL SEOUL', '마이리틀셰프 시아카페', '29CM Gallery', '레고']|['포켓몬', None, None, None, None, '플레이그라운드']|['잠실종합운동장', '서울 성동구 연무장길 101-1 성수오우드', '성동구 서울숲길 50, 프로젝트렌트 2호점', '성동구 연무장7가길 8', '영등포구 여의대로 108 더현대 서울 지하2층', '강남구 강남대로 426']|[['08.10', '08.14'], ['08.04', '08.21'], ['08.11', '08.21'], ['08.03', '08.27'], ['08.01', '08.31'], ['07.20', '08.14']]|2022-08-13|558.0
480|오버더피치|['의류', '악세서리', '유니폼', '축구 관련 제품']|마포구 서교동 404-2|03.12(토) - 04.01(금) 매일 13:00 ~ 20:00 (매주 화.수 휴무)|2022-03-25|559.0
481|디즈니|['피규어', '인형', '필기구', '텀블러']|강남구 테헤란로 521, 파르나스몰 B1층 입구 라운지|02.28(화)-03.12(일)|2023-02-28|560.0
482|코코클로젯|의류|스위트스팟 롯데월드몰점|['2월 14일(금)', '3월 12일(목)']|2020-02-20|561.0
483|캑터스 소잉 클럽|['반다나']|제주 탑동|11.06(토)~|2021-11-15|562.0
484|발렌타인|['위스키', '랜드마크']|더현대서울|02.24(수)-03.21(일)|2021-03-16|563.0
485|['세포라', '마리끌레르', 'NEXT K-BEAUTY']|['뷰티']|['잠실 롯데월드몰 지하1층 세포라']|['08.26(목)-10.27(수)']|2021-08-31|564.0
486|메리어트|"['팝업스토어', ""'메리어트 본보이 더 클래식 신한카드'""]"|성수동|03.05(토)-03.18(금)|2022-03-09|566.0
487|솔트레인|['토판염 치약', '비누', '핸드 크림']|강원도 고성 글라스하우스, 강원도 고성군 토성면 천진해변길 43|07.15(목)-08.15(일)|2021-07-21|567.0
488|품에정원|['꽃', '반려식물']|망원한강공원|3/27~4/4|2019-03-31|568.0
489|['zip 아모레성수', '씰리 매트리스 팩토리', '하얀바늘', 'LG ThinQ 방탈출 카페', '자빈드서울', '선데이플래닛 47', '코펜하겐레서피']|['null', '매트리스', 'null', '방탈출 카페', 'null', 'null', 'null']|['성동구 아차산로11길 7', '성동구 서울숲2길 42', '성동구 서울숲길36 2층', '성동구 성수이로7가길 9', '서울시 성동구 서울숲길50 1층', '성동구 서울숲길 50 1층', '성동구 연무장17길 10 1층']|['4월 셋째 주', '04.09(토)-05.09(토)', '03.29(화)-05.01(일)', '04.07(목)-05.08(일)', '03.31(목)-04.24(일)', '04.05(화)-04.17(일)', '04.01(금)-04.17(일)']|2022-04-16|569.0
490|해즈브로|장난감|서울시 강남구 코엑스 메가박스 1층 버거킹 옆|12.20(금) ~ 12.22(일)|2019-12-20|570.0
491|로저비비에|['19SS컬렉션', '가방', '구두']|신세계강남|1/11~1/20|2019-01-17|571.0
492|라인프렌즈|팝업스토어|성수|2019.10.25 - 2019.11.13|2022-11-04|572.0
493|PET THE WORLD|pet market|하남스타필드|04.03(월)-04.16(일)|2023-04-06|573.0
494|스톤헨지|['뷰티풀 모먼츠', '쥬얼리']|롯데백화점 부산점|8.17~8.25|2019-08-21|574.0
495|우주도넛|도넛|성수 수피하우스|09.23(금)-10.12(수)|2022-09-27|576.0
496|백올|생활 잇템|잠실 롯데월드몰 2층|08.02(월)~|2021-08-03|577.0
497|얼킨|['예술', '업사이클링', 'FW 신상 라인', '콜라보 제품']|영등포구 여의대로 108 더현대서울 B2 아이코닉 팝업존|09.08(목)-09.21(수)|2022-09-15|578.0
498|['BUDDY', '아름다운']|['의류', '악세서리']|팝업스토어|[{'start': '08.18', 'end': '09.30'}, {'start': '09.04', 'end': '09.10'}, {'start': '09.08', 'end': '09.13'}]|2020-09-04|579.0
499|호떡스|['떡', '굿즈']|더현대서울|03.07(화)-05.08(월)|2023-03-23|580.0
500|리디북스 페이퍼프로|이북리더기|영풍문고|12/21~12/26|2018-12-25|581.0
501|토이스토리|['피규어', '레고']|스타필드하남|6/14~30|2019-06-19|583.0
502|구름이|['에코백', '쿠션', '케이스', '그립톡']|롯데에비뉴엘 잠실점|09.24 - 10.06|2019-09-27|584.0
503|닥터브로너스|화장품|성수|04.14(목)-04.24(일)|2022-04-18|585.0
504|티백|의류|현대백화점 무역점 6층|4월 17일(금) - 4월 23일(목)|2020-04-20|586.0
505|['zip', '앱솔루트 홈', '막례스토랑', 'Somewhere in the OSTKAKA', '마지셔우드 : 탑셀러마켓', '맹그로브 부동산']|['pop-up']|['마포구', '성동구', '현대백화점 판교점', '용산구']|['07.07(목)-07.31(일)', '07.15(금)-07.21(목)', '07.12(화)-08.07(일)', '07.07(목)-07.20(수)', '07.01(금)-07.31(일)']|2022-07-16|587.0
506|프렐류드 스튜디오|문구류|성동구 서울숲길 43 1층|12.05(월)-12.18(일)|2022-12-08|589.0
507|슬밋(SLMT)|뷰티(beauty) 제품(product)|서울숲길 50, 프로젝트렌트 2호점|08.11(목)-08.21(일)|2022-08-11|591.0
508|고프로|겨울스포츠 필수품|대전 갤러리아타임월드|12/21~1/3|2018-12-29|592.0
509|['zip', 'KitKat Land', 'KANU HOUSE', 'Keds', '밀크터치 팝업스토어', '포테이토스테이션', '팝마트 팝업스토어', '슈가슈가룬', '호호텔 팝업스토어']|['고깃집', 'null', 'null', 'null', 'null', 'null', 'null', '카페', 'null']|['강남구 선릉로155길 23-4 2층', '영등포구 국제금융로 10, IFC몰 L3층', '성동구 서울숲4길 15-1', '성동구 성수이로7길 24', '성동구 서울숲길 50', '현대프리미엄아울렛 송도점 B1F 가든스퀘어', '부산 해운대구 센텀남대로 35', '용산구 한강대로23길 55 아이파크몰 테마파크 6층', '영등포구 여의대로 108, 더현대 서울 5층 플레이인더박스']|['03.15(수)-04.14(금) 월-화: 17:00~23:00(*라스트오더 22:00) 수-일: 17:00~2:00(*라스트오더 1:00)', '03.24(금)-04.02(일) 매일 : 10:00~22:00', '03.25(토)-05.21(일) 매일: 11:00~20:00', '03.30(목)-04.09(일) 매일: 11:00~20:00', '04.01(토)-04.09(일) 매일: 11:00~20:00 (4/1 16:00오픈)', '03.24(금)-04.06(목) 월-일: 10:30~21:00', '03.21(화)-06.19(월) 매일: 10:30~20:30', '03.04(토)-04.30(일) 매일 : 10:30~20:30', '03.07(화)-05.08(월) 매일: 10:30~20:00 (*금토일 20:30)']|2023-04-01|593.0
510|벤앤제리스|아이스크림|연남동|09.20~10.16|2019-10-11|594.0
511|트랜스포터|['맥주', '사이더']|삼성동 파르나스몰 센트럴라운지|05.24(월)-06.06(일)|2021-06-01|596.0
512|헤지스|의류, 가방, 지갑, 액세서리|중구 명동8가길 28|2월 7일 ~ 3월 6일|2020-02-19|597.0
513|자빈드 서울|코스메틱|서울숲|03.31(목)-4.24(일)|2022-04-15|598.0
514|['악동뮤지션', '비이커']|['앨범', '악뮤 굿즈', '다양한 상품']|['비이커 한남 플래그쉽 스토어']|['07.27', '08.09']|2021-07-30|599.0
515|레드벨벳|팝업스토어|일본시부야|1/2~1/20|2019-01-11|600.0
516|['레노마', '바쏘', '카운테스마라', '앤드지', '프랑코페라로']|남성복|부영을지빌딩 현대백화점 신촌과 팝업스토어플랫폼 스위트스팟이 을지로에서|2/25~2/28|2019-02-25|601.0
517|['zip LAYERED', 'iloom', '누텍스처', 'EXCYCLE', '코카-콜라 제로 마시멜로', '앱솔루트 홈']|[]|['성수동 성수이로 3길 18-1', '성동구 연무장 15길 11 에스팩토리 B동', '성동구 서울숲길 50 1층, 프로젝트렌트', '성동구 연무장3길 9 피치스도원', '성동구 연무장15길11 에스팩토리']|['07.08(금)-07.31(일)', '07.21(목)-08.07(일)', '07.05(화)-07.31(일)', '07.16(토)-07.23(토)', '07.07(목)-07.31(일)']|2022-07-23|602.0
518|엑스젤|['방석', '프리미엄 제품']|신세계 센텀시티|3/25~3/31|2019-03-29|603.0
519|['zip 벨리토끼', '과일섬', '델픽', '리카리카']|['팝업 전시']|['송파구 올림픽로 300 잠실 롯데월드몰 1층 아트리움 광장', '송파구 올림픽로 300 잠실 롯데월드몰 2층 넥스트뮤지엄', '성동구 성수이로 12길 2', '성동구 서울숲길 50 1층']|['12.27(화)-01.11(수)', '12.23(화)-01.29(수)', '12.16(금)-01.31(수)', '01.04(수)-01.15(일)']|2023-01-07|604.0
520|월리|['티셔츠', '포스터', '만전 김']|더현대 서울|06.24(금)-07.13(수)|2022-06-29|605.0
521|디즈니|굿즈|롯데몰 수지점|19.12.27(금) - 20.1.17(금)|2019-12-27|606.0
522|울랄라1537|빈티지|잠실역|12/1~12/31|2018-12-06|608.0
523|스텔라X아르투아|팝업전시회|강남구 신사동 532-11, 1층|04.21(수)-05.04(화)|2021-04-30|609.0
524|팝업맛집|['주얼리', '타월', '미니인형']|춘천|{'1': ['08.07', '08.13'], '2': ['08.07', '08.16'], '3': ['08.08', '08.30'], '4': ['08.07', '08.13']}|2020-08-10|611.0
525|보니크루|['마니마니', 'BT21']|중동 현대백화점 MBC내뒤에테리우스|12/28~1/6|2018-12-31|613.0
526|몽샹82|['빵', '소금빵', '오리지널', '초코', '앙버터', '잠봉뵈르 소금빵']|신백 강남점|3.15(화)-3.20(일)|2022-03-16|614.0
527|아서앤그레이스|가죽 제품|갤러리아백화점 웨스트점, 서울 강남구 압구정로 343|11.29 ~ 12.31|2019-12-10|615.0
528|['에노우', '카네브로스', '아티스트웨어', '몬스터리퍼블릭']|['자켓', '후드', '니트', '맨투맨', '가방']|현대백화점 유플렉스 신촌점|10.11 - 10.20|2019-10-14|616.0
529|리솜|생활한복|현대백화점 충청|3/22~4/11|2019-03-28|617.0
530|브로쓰마카롱|마카롱|서면시장|['11.8', '11.14']|2019-11-12|618.0
531|슷|['문방구', '완구']|을지로지하상가|8/16~9/11|2019-08-17|620.0
532|['도어투성수', '크로우캐년', '짱구']|['키친웨어', '마블 패턴 식기', '짱구 피규어', '초콜릿']|GS25 플래그십 매장 도어투성수|02.01(수)-02.29(화)|2023-02-10|621.0
533|스윗피쉬|스니커즈|명동|5/30~6/16|2019-05-30|622.0
534|에스더버니|['인형', '그립톡', '엽서', '굿즈']|영등포구 여의대로108, 더현대 서울 5층|01.06(금)-01.31(수)|2023-01-18|623.0
535|mimi monde|원피스|마포구 연남동 동교로29길 34 연남방앗간 1층|07.08(금)-07.13(수) 매일 : 11:00-20:00|2022-07-08|624.0
536|르메메|['콜라보 컬렉션', '굿즈', 'FW 제품']|성수|09.28(수)-10.08(토)|2022-09-30|625.0
537|['zip', '신라면 카페테리아', '스코티쉬 쿠키&북 숍', '플라잉터틀', '헤이그라운드', '로우키']|['팝업']|['강남구 봉은사로 524, 스타필드 코엑스몰 B1 메가박스 옆 행사장', '성동구 연무장15길 11 에스팩토리 A', '종로구 옥인길 26, 무용소', '성동구 뚝섬로1나길 5, 성수시작점/ 성동구 연무장3길 6, 성수점']|['01.05(목)-01.18(수)', '01.09(월)-02.08(수)', '01.06(금)-01.29(일)(월, 화 휴무, 21~24일 설 연휴 휴무)', '01.02(월)-01.27(금)/ 01.09(월)-01.27(금)']|2023-01-15|626.0
538|난닝구|['여름 바캉스룩', '린넨 옷']|칼레이도스코프 대치 여성 대표 쇼핑몰|7/8~12/31|2019-07-12|627.0
539|카스|일러스트 잔|여의도 IFC몰|04.05(수)-04.16(일)|2023-04-06|628.0
540|쿠키런|모바일 게임|['신세계 센텀', '대구', '영등포']|11/30~12/16|2018-12-04|629.0
541|더브레드블루|['담백빵', '무화과깜빠뉴', '호두깜빠뉴', '비건빵']|현대백화점 압구정|6/14~20|2019-06-13|630.0
542|['도어투성수', '블랑제리뵈르']|['맥주', '와인', '뵈르 소시지']|성수 성동구 연무장길 38-1|11.11(금)-11.30(수)|2022-11-24|631.0
543|샤넬|스킨케어|서울 성동구 연무장길 101-1 성수오우드|08.04(목)-08.21(일)|2022-08-09|632.0
544|['스위트스팟', '브랜디']|의류|강남역 5번출구|1/28~2/28|2019-01-29|635.0
545|세븐일레븐|['굿즈', '피카츄 풍선', '리유저블백', '헬름풍선', '손부채']|잠실 롯데타워 광장|08.16(화)-09.12(월) 매일 : 10:30~22:00|2022-08-18|636.0
546|갓뚜기|['카레', '짜장', '미트볼', '컵밥', '컵피자', '레트로 3분 시리즈']|가로수길 by대한민국 (강남구 압구정로 12길 22)|9.5~9.28|2019-09-10|638.0
547|키스미|['틴트', '섀도우']|강남구 강남대로162길 36|03.01(수)-03.31(금)|2023-03-08|639.0
548|도쿄팡야|['프리미엄 롤케익']|롯데백화점 본점|2/22~2/28|2019-02-23|641.0
549|파인드카푸어|가방|성수|06.18(토)-08.21(일)|2022-06-27|642.0
550|['핑크홀리데이', '키르시', '서프코드', '캐치볼클럽']|굿즈|영등포구 여의대로 108 더현대 서울|05.14(토)-06.06(월)|2022-05-30|643.0
551|델픽|팝업스토어|서울 성동구 성수이로 12길 2|['12.16(금)-01.31(수)', '12월 31일까지 진행 예정이던 팝업인데 1월 31일까지 연장 되었대~']|2023-01-05|645.0
552|슬램덩크|['굿즈', '패키지']|더현대 서울|01.26(목)-02.07(화)|2023-01-26|646.0
553|아디다스|['슈퍼스타', '태극당']|중구 동호로24길 7 태극당 본점|06.13(월)-06.30(목)|2022-06-21|647.0
554|오뚜기|['반팔 티셔츠', '마켓 백', '장난감 큐브', '머그컵']|성수LCDC|03.15(화) - 04.09(토)|2022-03-21|649.0
555|레드애플|['애플파이', '바닐라 애플파이']|롯데백화점 본점 지하1층|03.08(월)-03.21(일)|2021-03-12|650.0
556|['럭키드로우', '제페토']|팝업행사|신사동 가로수길 36 가로골목|04.30(토)-05.22(일)|2022-05-11|652.0
557|리타모니카|주얼리|여의도 KTB빌딩|6/17~21|2019-06-18|653.0
558|선데이치즈볼|치즈볼|강남 카카오프렌즈|3/15~4/14|2019-03-20|654.0
559|인가샌드위치|샌드위치|롯데잠실점|12/14~12/20|2018-12-14|655.0
560|코카-콜라|코카콜라 제로|마포구 양화로 176 와이즈파크 B2|10.22(토)-12.04(일)|2022-10-28|656.0
561|버거핀|['패션소품', '생활소품']|춘천 M백화점 지하1층|09.25(토)-10.17(일)|2021-10-05|657.0
562|다꾸인원더랜드|굿즈|잠실 롯데월드 아트리움|07.06 - 07.16|2020-07-09|658.0
563|넷플렉스|['팝업', '게임존', '트릭아트', '아케이드존']|홍대입구|6/20~7/7|2019-06-22|659.0
564|아슬란|['크림빵', '말차크림', '말차빵']|롯데백화점 잠실|3/25~4/7|2019-03-27|660.0
565|에코퍼|옷|수원 AK& 3층|12.31|2020-11-27|661.0
566|레고|['시티', '프렌즈']|송파구 올림픽로 300 잠실 롯데월드몰 1층|01.13(금)-01.25(수)|2023-01-17|662.0
567|카페 만월회|['밀크티', '말차', '콜드브루', '민트초코', '흑임자', '쑥', '초코그린', '피스타치오']|광교 갤러리아 지하1층|07.30(금)-08.12(목)|2021-08-06|663.0
568|비트윈|캐릭터 굿즈|현대백화점 유플렉스 신촌점|11.26 ~ 12.5|2019-12-03|664.0
569|다꾸천국|팝업스토어|롯데몰 수원|07.24 - 07.30|2020-07-27|665.0
570|딩딤1968|딤섬|갤러리아백화점 웨스트점|10.7 ~ 10.31|2019-10-18|666.0
571|바잇미|펫 제품|롯데백화점 분당점 1층 북문|다음주 월요일부터 목요일까지|2022-03-04|667.0
572|원피스|['만화책', '애니메이션']|홍대 8810 리스트레토바|12.17(금)-12.26(일)|2021-12-17|668.0
573|['zip 타올쿤', '다이슨 스타일랩', '그레인 로쉐', '크로우캐년', 'I AM SOSO', '치공', '토끼']|['팝업스토어']|['성동구 연무장길 1, 퓨처소사이어티', '성동구 연무장길 101-1, 오우드', '강남대로 162길 45, 포토매틱샵', '성동구 연무장길 38-1', '마포구 와우산로35길 13, 오브젝트 서교점 1층', '마포구 양화로 188 2층 비옥', '강남구 강남대로162길 27, 신사하우스']|['02.02(목)-02.11(토)', '02.02(목)-02.19(일)', '02.08(수)-02.21(화)', '02.01(수)-02.29(화)', '01.04(수)-02.26(일)', '01.26(목)-02.28(화)', '02.04(토)-02.26(일)']|2023-02-11|669.0
574|짱구|짱구 굿즈|신촌 유플렉스, 대구점|09.30(금)-10.10(월)|2022-09-30|670.0
575|빨간머리 ANNE|다양한 장르의 전시 및 체험|서울숲 갤러리아포레 B1층|['19.06.28', '20.04.05']|2020-02-26|671.0
576|원소주|술|가로수길 나이스웨더|03.16(수) - 03.20(일)|2022-03-17|672.0
577|롯데프리미엄아울렛|굿즈|롯데프리미엄아울렛|08.19(금)-09.01(목)|2022-08-30|673.0
578|펜할리곤스|['퍼퓸']|롯백 인천터미널점|4/12~6/16|2019-05-03|674.0
579|벤자민무어|칠성사이다|영등포구 여의대로 108 더현대 서울 B1층|05.27(금)-06.02(금)|2022-05-31|675.0
580|강릉중화짬뽕빵|['불짬뽕', '크림짬뽕', '고추잡채']|롯데백화점본점|7/4~7/14|2019-07-10|676.0
581|질스튜어트 아이웨어|['안경', '선글라스']|신세계강남|7/8~14|2019-07-10|677.0
582|로컬마켓옥천|농산품|경리단길|04.30(금)-05.31(월)|2021-05-11|678.0
583|글로시블라썸|네일스티커|이마트 트레이더스 위례점 B3층|11.25 ~ 12.08|2019-11-26|679.0
584|대원미디어|['장난감', '피규어', '문구류', '토미카', '토이스토리4', '겨울왕국 2']|코엑스 메가박스 버거킹 옆 공실|19.12.13(금) ~ 20.12.15(일) 11:00 ~ 20:00|2019-12-13|680.0
585|푸룻스킨|비건 코스메틱|영등포구 여의대로 108, 지하2층|01.26(목)-02.01(수)|2023-01-27|681.0
586|프로젝트ㄱ|['굿모닝 독도', '우리 삽사리', '근화고국', '키링', '후드티', '휴대폰 케이스']|가로수길 by대한민국(강남구 압구정로 12길 22)|9.5 - 9.28|2019-09-18|682.0
587|['르메르디앙', '목시']|['호텔']|['서울 명동', '성동구']|['11.09-11.20']|2022-11-15|683.0
588|JBL|['음향', '스피커']|잠실 롯데월드몰 지하1층 POST전시장|06.22(화)-2022.02.28(월)|2021-07-23|684.0
589|시트로엥|자동차, 여행가방, 스파클링 음료|서울역|11.02(토) ~ 11.15(금)|2019-11-07|687.0
590|스테이씨x벨리곰|테디베어|마포구 동교로29길 68, 딩가케이크|02.17(금)-02.26(일)|2023-02-20|688.0
591|['더데이걸', '코코리따', '다나한', '차랩', '에버셀', '세러데이스킨']|['키즈', '코스매틱']|DDMC 이랜드|4/22~4/26|2019-04-23|689.0
592|['LF', '휠라', '르꼬끄', '질스튜어트', '닥스', '라푸마', '헤지스']|의류|서울특별시 마포구 매봉산로 75 DDMC 지하1층|1월20일(월) - 23일(목)|2020-01-20|690.0
593|아시아나항공|굿즈|영등포구 여의대로 108, 더현대서울 지하1층|11.24(목)-12.04(일)|2022-11-29|691.0
594|고심약국|약국 컨셉의 팝업|마포구 와우산로35길 13|03.01(수)-04.30(일)|2023-03-02|692.0
595|저스트인스타일|의류|을지로 미래에셋센터원 스카이캐슬|1/7~1/11|2019-01-09|694.0
596|ALDO|['로퍼', '힐 슈즈', '앵클부츠', '운동화', '스니커즈']|강남구 테헤란로 152 B2F|1월 14일 ~ 1월 23일|2020-01-14|695.0
597|이탈리아|['F&B', '화장품', '패션', '라이프스타일']|서울 강남구 압구정로 12길 22|19.12.11 - 20.10.31|2019-12-30|696.0
598|버거보이|수제버거|서울특별시 용산구 한강대로15길 29|매일 11:00-21:00|2021-09-17|697.0
599|디자이너 브랜드|['여름 옷', '신발', '가방', '여름샌들']|팝업맛집|07.20 - 07.26, 07.20 - 07.23|2020-07-20|698.0
600|슷|뉴트로 편집샵|을지로지하상가|7/15~8/15|2019-07-15|699.0
601|['zip 디즈니', '우주먼지x마일드무무', 'PET THE WORLD', '카스 초대잔', '라인프렌즈 월드', '디즈니 러브네이처', '한달만 고깃집', '밀크터치', 'Keds']|['아트컬렉션', None, None, None, None, None, '고깃집', None, None]|['경기도 성남시 분당구 백현동 541, 판교 현대백화점 5층', '영등포구 여의대로 108, 더현대서울 5층', '하남시 미사대로 750, 스타필드 하남점 1층 아트리움 광장', '영등포구 여의도동 국제금융로 10, 여의도 IFC몰', '현대백화점 목동점 별관 지하2층 & 본관 7층', '성동구 서울숲4길 20', '강남구 선릉로155길 23-4 2층', '성동구 서울숲길 50', '서울 성동구 성수이로7길 24']|['04.03(월)-04.16(일) 매일: 10:30~20:00(*금토일 20:30)', '04.05(수)-04.16(일) 매일: 10:30~20:00(*금토일 20:30)', '04.03(월)-04.16(일) 매일 : 10:00~22:00', '04.05(수)-04.16(일) 매일 : 10:00~22:00', '04.07(금)-04.20(목) 매일: 10:30~21:00', '04.06(목) -04.23(일) 매일: 11:00-20:00', '03.15(수)-04.14(금) 월-화: 17:00~23:00(*라스트오더 22:00) 수-일: 17:00~2:00(*라스트오더 1:00)', '04.01(토)-04.09(일) 매일: 11:00~20:00 (4/1 16:00오픈)', '03.30(목)-04.09(일) 매일: 11:00~20:00']|2023-04-08|700.0
602|카우리홈|가구|송파구 충민로 66|4월 1일 - 5월 31일|2020-04-06|701.0
603|['피그웨이브', '꿉당']|['고깃집', '냉삼집', '냉동 삼겹살', '메추리알 떡볶이', '하이볼', '잡채']|강남구 선릉로155길 23-4 2층|03.15(수)-04.14(금)|2023-04-01|702.0
604|디올|['레이디 디올백', '레디투웨어 컬렉션']|신세계 대구 5층|3/5~3/17|2019-03-12|703.0
605|도제x콩콩|['도제x콩콩 샌드위치']|@kongkong2_kim|02.26()-03.07()|2021-03-08|704.0
606|수원왕갈비통닭|통닭/갈비|롯데백화점본점|3/3~3/10|2019-03-07|705.0
607|카카움|['초콜릿', '책']|['반디앤루키스 센트럴시티점', '교보 핫트랙스']|2/2~2/14|2019-02-10|706.0
608|하동|야생녹차|로컬스티치 서교 2호|10.09 - 10.25|2020-10-15|707.0
609|카카오프렌즈|['피규어', '폰케이스', '인형', '스티커']|신세계강남|5/3~5/23|2019-05-09|708.0
610|메이크스타|['코스메틱', '화보집']|강남구 압구정로12길 22|09.05~09.28|2019-09-07|709.0
611|롯데리아|불고기버거|익선동 137-6 익선동 루프스테이션|09.22(목)-10.10(월)|2022-09-23|710.0
612|넘버링|['진주 컬렉션', '펄 넘버링']|서울특별시 종로구 율곡로 84 17층 안국역 4번 출구 직진|월~금 : 11:00-20:00|2021-12-10|711.0
613|뉴발란스|다운점퍼|성수 프로젝트렌트 1,3호점|11.04(목)-11.14(일)|2021-11-09|712.0
614|요기보|['빈백소파', '스터스볼', '스퀴지보']|현대백화점 목동|2/11~2/24|2019-02-15|713.0
615|로즈파이|"['피자', ""'로마로사'"", '애플시나몬', '고구마베이컨', '하와이안', '페퍼로니']"|신세계백화점 강남점 B1층|03.22(화)-03.31(목)|2022-03-23|714.0
616|도구리 포춘살롱|운세|서울숲길|04.11(화)-04.23(일)|2023-04-12|715.0
617|흑화당|['영양샌드위치', '고로케빵']|신세계 강남점|03.16(화)-03.24(수)|2021-03-23|716.0
618|조구만 스튜디오|['뱃지', '키링', '인형', '패브릭 잡화']|영등포구 여의대로 108 더현대 서울 5층|04.15(금)-04.28(목)|2022-04-22|718.0
619|노우라이|센슈얼 케어 제품|성수|02.14(화)-03.19(일)|2023-03-03|719.0
620|BOSE|['노이즈 캔슬링 헤드셋', '보스프레임', '블루투스 스피커', '이어폰']|스타필드 고양 1F|1월 8일 ~ 1월 19일|2020-01-13|720.0
621|WAAC|골프웨어|신사동|05.13(금)-06.07(화)|2022-05-24|721.0
622|칼레이도스코프|썸머룩|을지로 센터원|7/22~8/2|2019-07-25|722.0
623|['캐리어', '아로마티카']|['음식물 처리기', '친환경 뷰티 기업 제품']|압구정로 10길 30-1|~02.26(일)|2022-01-14|723.0
624|켈로그 오트로드|['다방면의 로컬샵', '한정판 메뉴', '굿즈', '켈로그 굿즈']|연희동 로컬샵 7곳|09.30(금)-10.21(금)|2022-10-11|724.0
625|이케아|가구|강남구 강남대로 420|8.22~09.08|2019-08-28|725.0
626|옐토|굿즈|강남구 테헤란로4길 37 지하1층 마롱197|10.04(화)-10.10(월)|2022-10-06|726.0
627|로라로라|의류|영등포구 여의대로108, B2 더현대 서울|01.12(목)-01.25(수)|2023-01-19|727.0
628|시엔느|['패션', '인테리어']|더현대서울|09.08(목)-09.21(수)|2022-09-14|728.0
629|애니웨어|치즈|성동구 성수동1가 서울숲4길 12-22|09.22(목)-09.25(일)|2022-09-22|729.0
630|코카콜라|음료|피치스 도원|07.16(토)-07.23(토)|2022-07-22|730.0
631|코닥|['의류', '굿즈']|잠실 롯데월드몰|08.12 - 10.08|2020-08-21|731.0
632|이억녀의 마카롱|디저트|롯데백화점 서면점 지하2층|['4월 3일(금)', '4월 16일(목)']|2020-04-13|733.0
633|알리익스프레스|['게이밍', '캠핑', '웨딩']|강남구 영동대로 513, 코엑스 Kpop광장|03.09(목)-03.12(일)|2023-03-10|734.0
634|르샤또|가구|현대백화점 목동점 B1층|2월 24일(월) - 3월 8일(일)|2020-02-25|735.0
635|아끼다도자기|도자기|용산 아이파크몰|1/18~1/31|2019-01-28|736.0
636|다이슨|헤어 제품|성수|02.02(목)-02.19(일)|2023-02-08|737.0
637|마리끌레르 코리아|생일 파티|성수|03.01(수)-03.12(일)|2023-03-03|739.0
638|['zip T1 SHOP', '반클리프 아펠', '푸룻스킨 팝업스토어', '더 퍼스트 슬램덩크']|['null', 'null', 'null', '더 퍼스트 슬램덩크']|['송파구 올림픽로 300 잠실 롯데월드몰 B1층', '중구 을지로 281, DDP 아트홀 1관', '영등포구 여의대로 108, 지하2층', '영등포구 여의대로 108, 지하2층']|['01.16(월)-02.15(수) 매일 : 10:30-22:00', '01.08(일)-01.28(토) 월-목: 11:00~18:00 금-토: 11:00~20:00', '01.26(목)-02.01(수) 월-목: 10:30~20:00 금-일: 10:30~20:30', '01.26(목)-02.07(화) 월-목: 10:30~20:00 금-일: 10:30~20:30']|2023-01-28|740.0
639|['비비고', '제주맥주']|['만두', '맥주']|강남구 언주로164길 21-3|10.10(월)-10.30(일)|2022-10-13|741.0
640|코드온캔버스|['덕다운 조끼', '의류']|현대백화점 무역센터점 4층 쁘띠따쁘띠 매장|10.29 - 11.4|2019-10-29|742.0
641|에스쁘아|메이크업|홍대메이크업펍 홍대 에스쁘아샵|1/3~2/28|2019-01-08|743.0
642|르르르 하우스|팝업스토어|홍대|['2021.12.24(금)-2022.01.07(금)', '매일 12:00-20:00']|2022-01-03|744.0
643|포테이토스테이션|['감자 칩', '감자 팩', '감자 쿠션']|현대프리미엄아울렛 송도점 B1F 가든스퀘어|03.24(금)-04.06(목)|2023-03-24|745.0
644|원신|게임|한강 세빛섬|07.28(목)-08.03(수)|2022-07-29|746.0
645|디앤에이모터스|전기스쿠터|파주 프리미엄 아울렛|['4월', '매주', '금토일']|2021-04-02|747.0
646|말리부|['칵테일', '떡볶이']|연남동|10.25(월)-11.07(일)|2021-10-26|748.0
647|요기보|빈백소파|파라다이스시티(인천)호텔|19.11.30 ~ 20.01.01|2019-12-06|749.0
648|ahro|['향수', '캔들']|성수|06.10(금)-06.12(일)|2022-06-10|750.0
649|김토끼 스튜됴|['굿즈', '책']|더현대 서울 언커먼스토어|['06.03(금)', '07.14(목)']|2022-07-01|751.0
650|윤현상재|['건축 자재']|Space B-E 갤러리|08.27(금)-09.15(수)|2021-09-03|752.0
651|우영우|['굿즈', '우영우 김밥', '동그라미 김밥']|경기 의왕시 바라산로 1, 롯데프리미엄아울렛 타임빌라스 1층|11.02(수)-11.13(일) 매일: 10:30~21:00|2022-11-10|753.0
652|북해도스위트|['프리미엄 수제케익']|이마트가양점|2/21~3/6|2019-03-06|754.0
653|['나이키', '아디다스', '컨버스', '아웃도어 타키']|['스포츠']|상암DDMC|3/4~3/8|2019-03-04|755.0
654|['무신사 스탠다드', '헤지스', '오프세일', '젠틀몬스터x몽클레르', '29맨션', '포켓몬 위드', '위글위글', '젤리버디마켓']|['슬랙스', 'null', '가로대전', 'null', 'null', 'null', 'null', 'null']|['성동구 아차산로 78', '성동구 서울숲4길 17', '신사동 가로수길 36 가로골목', '강남구 압구정로46길 50 하우스 도산', '용산구 한남대로 202-1', '서울 용산구 독서당로 93', '영등포구 여의대로 108 더현대 서울 5층', '영등포구 여의대로 108 더현대 서울 5층']|['04.29(금)-05.22(일) 매일 : 11:30~20:00', '05.05(목)-05.22(일) 매일 : 11:00~22:00', '04.30(토)-05.22(일) 매일 : 12:00~20:00', '05.05(목)-05.30(월) 매일 : 11:00~21:00', '05.14(토)-05.22(일) 매일 : 11:30~20:30', '05.05(목)- 06.19(일) 매일 : 10:00~ 21:00', '04.23(토)-05.23(월) 매일 : 10:30~20:00(금토일 20:30)', '04.29(금)-05.26(목) 매일 : 10:30~20:00 (금토일 20:30)']|2022-05-14|756.0
655|마블|메크스트라이크|['하남 스타필드 지하1층', '고양 스타필드 pk 아트리움', '코엑스 스타필드 라이브플라자B']|['05.01(토)', '05.21(금)']|2021-05-07|757.0
656|이브자리|침구|강남구 영동대로 114길 5 이브자리 코디센 삼성점1F|01.13(금)-01.29(일)|2023-01-16|759.0
657|쿠라우니|['쿠키', '브라우니']|['신세계 강남점 지하1층', '가로수길 매장']|12일|2022-01-10|762.0
658|모어앤와인|['와인']|태평빌딩 식객촌|12/03~12/07|2018-12-04|763.0
659|랭앤루|['의류', '악세서리']|서울 강남구 압구정로 343 갤러리아백화점명품관WEST 3층|01.03 (금) - 01.23 (목)|2020-01-07|764.0
660|['탐스', '빅토리아', '그라미치', '라이프', '로우로우']|['신발', '의류', '잡화', '액세서리']|상암동 동아디지털미디어센터(DDMC)|11.6(수) - 11.8(금)|2019-11-06|765.0
661|매튜스|서핑수트|['서울', '부산']|7/1~7/21|2019-07-04|767.0
662|까사리빙|홈 오피스|롯데백화점 인천터미널점 5층|05.18(화)-08.31(화)|2021-06-22|768.0
663|치공|['칫솔', '혀클리너', '엽서', '멀티 홀더', '치공 라이프 굿즈']|마포구 양화로 188 2층 비옥|01.26(목)-02.28(화)|2023-02-02|769.0
664|머니사이드업|굿즈|홍대 ak& 플라자 3층|02.03(목)|2022-01-24|770.0
665|템버린즈|핸드크림|성수이로 20길 57|10.30일(토)-11.21(일)|2021-11-05|771.0
666|누뷜|['슬라임', '솜사탕 슬라임', '함박눈슬라임']|북수원홈플러스|11/29~12/05|2018-12-04|772.0
667|산리오|카페|홍대|2022.08.31(수)|2021-12-14|773.0
668|팰리세이드|'더 뉴 팰리세이드' 모델 , 다양한 예술 작품|종로구 익선동 137-6 루프스테이션 익선|05.19(목)-06.06(일)|2022-05-28|774.0
669|던킨도너츠, 킷캣|['도너츠']|용산구 이태원로 241|11.15 ~ 12.31|2019-11-19|775.0
670|구스 아일랜드|맥주|가로수길|04.10(토)-05.02(일)|2021-04-23|777.0
671|꼼데가르송|['아우터', '티셔츠', '신발']|영등포구 여의대로 108 더현대 서울 1층|05.19(목)-07.03(일)|2022-06-30|778.0
672|팝가 PICK|맛집 팝업|성수동|이번 주|2023-02-16|779.0
673|제이에스티나|뷰티|녹사평|5/31~6/23|2019-06-06|782.0
674|볼보|SUV|스타필드 고양|1/26~2/3|2019-02-01|784.0
675|Vunque|가방|롯데백화점 본점|12/27~1/13|2019-01-07|785.0
676|신세계사이먼|['F&B', '리빙&소품', '주얼리', '패션의류&잡화']|파주 프리미엄아울렛|04.23(금)-04.25(일)|2021-04-22|786.0
677|커피팩토리|['모카빵']|롯데백화점 일산|3/29~4/11|2019-04-08|787.0
678|블루보틀|커피|SSG푸드마켓 청담|7/26~9/20|2019-08-07|788.0
679|막례스토랑|['음식', '굿즈']|영등포구 여의대로 108 지하 1층|07.01(금)-07.14(목) 매일 : 10:30~20:00(금토일 20:30)|2022-07-01|789.0
680|라이프스타일브랜드|['가방', '문구', '실내화', '의류', '키즈 상품군']|대구 신세계|1/22~2/13|2019-01-29|790.0
681|키엘|['홀리데이 리미티드 에디션', '에코백']|코엑스|11/22~12/27|2018-12-04|791.0
682|누텍스처|바디 제품|성수|07.21(목)-08.07(일)|2022-07-20|792.0
683|['PROJECT555', '나체', '오호스', '라티젠', '어셈블스테이션', 'KLF', '아조바이아조', '러브이즈트루', '글랙', '이우가마카라스', '포스333', '아캄', '아코스튜디오']|['신상품', '컬렉션', '할인가', '타임세일', '이벤트', '기프트']|['현대 스페이스원 아울렛', '경기도 남양주시 다산순환로 50']|['03.17(금)-04.02(일)']|2023-03-20|793.0
684|샌드박스|['굿즈', '편의점 상품']|더현대서울 지하2층|07.02(금)-07.15(목)|2021-07-02|795.0
685|캘리포니아 클럽도넛|도넛|더현대 지하 1층|06.25(금)-07.04(일)|2021-06-29|797.0
686|뉴발란스|키즈|현대백화점 목동점|9.20 - 9.29|2019-09-24|798.0
687|BUEOK by Hurom|라이프스타일 + 건강식|성동구 서울숲길4|05.21(토)-06.19(일)|2022-06-02|799.0
688|포켓몬|['봉제인형', '랜덤피규어', '컵', '게임기']|더현대서울 지하 1층|10.01(금)-10.07(목)|2021-10-01|802.0
689|CJ|스낵|성수|07.05(화)-07.31(일)|2022-07-21|803.0
690|리얼월드 성수|놀이문화 공간|성동구 연무장13길 8|08.16(화)~|2022-08-16|805.0
691|MSG 마켙|체험형 팝업스토어|서울 마포구 동교로25길 57, 1층|11.09 ~ 12.28|2019-11-27|806.0
692|['큐원상쾌환']|['숙취해소 제품', '굿즈']|성동구 성수동2가 315-10|06.07(화)-06.27(월)|2022-06-16|808.0
693|NOS7|['의류', '굿즈']|강남구 압구정로60길 21 분더샵 청담 케이스스터디|06.17(금)-06.30(목)|2022-06-17|810.0
694|러브이즈트루|['의류', '러그', '악세서리']|영등포구 여의대로 108, 더현대서울 지하2층|11.24(목)-12.07(수)|2022-11-30|811.0
695|페이퍼팝|['가구']|가든파이브점, 현대시티몰|09.16(금)-09.29(목)|2022-09-21|812.0
696|플레이인더박스 x 위글위글|굿즈|더현대 서울|04.23(토)-05.23(월)|2022-05-06|813.0
697|해스텐스|['침대', '슬리퍼', '파자마', '가운', '침구 아이템']|서울 현대백화점 무역센터점 4F|1월 6일 ~ 3월 29일|2020-02-11|814.0
698|아슬란|빵|울산|8.16~8.22|2019-08-21|815.0
699|샤넬|향수|성수동 S Factory|06.29(화)-07.12(월)|2021-07-15|817.0
700|얼빈스솔티드에그|과자|잠실롯데몰|11/30~12/04|2018-12-04|818.0
701|라코스테X폴라로이드|모르겠음|가로수길|03.24(수) - 04.17(토)|2021-04-02|819.0
702|캐리어에어컨|에어컨|성수|06.01(수)-07.31(일)|2022-06-08|820.0
703|['에끌라 드 아르페쥬', '옴니아 아메시스트', None, None, None, '56년']|['향수', '향수', '코스메틱', '헤어 제품', '치약', '코스메틱']|['온라인', 'null', None, None, None, None]|['01/21(목)', '01/24(일)', None, None, None, None]|2021-01-21|821.0
704|동명양과자점|초코디저트|수원 AK 플라자 백화점 B1층 식품관|2월 7일 - 2월 14일|2020-02-10|822.0
705|시노베(Shinove)|['치즈', '와플', '파니니']|부산|9.27 - 10.03|2019-09-30|823.0
706|['KWANI', 'Heavenly Jelly', 'Came Upon']|['의류', '가방', '액세서리']|성동구 연무장17길 4|['04.14(금) 12:00', '04.23(일) 17:00']|2023-04-13|824.0
707|KANU|캡슐 원두|성동구 서울숲4길 15-1|03.25(토)-05.21(일)|2023-03-31|825.0
708|['카카오프렌즈', '나이키']|['컬렉션', '조이라이드']|홍대|9.24~10.6|2019-10-02|826.0
709|코알라에코|['키친', '욕실용품', '핸드워시']|신세계 백화점 대구점|8/8~9/4|2019-08-26|827.0
710|Mmlg|상품|성수|07.25(월)-08.18(목)|2022-07-28|828.0
711|JBL|스피커|잠실 롯데월드몰 지하1층 POST전시장|06.22(화)-2022.02.28(월)|2021-07-23|684.0
712|발베니||성수동 마크69|6/13~22|2019-06-20|685.0
713|['칠성', '타미야']||성수|11.17(목)-11.19(토)|2022-11-18|686.0
714|시트로엥|자동차|서울역|11.02(토) ~ 11.15(금)|2019-11-07|687.0
715|스테이씨x벨리곰|테디베어|마포구 동교로29길 68, 딩가케이크|02.17(금)-02.26(일)|2023-02-20|688.0
716|['더데이걸', '코코리따', '다나한', '차랩', '에버셀', '세러데이스킨']|['키즈', '코스매틱']|DDMC 이랜드|4/22~4/26|2019-04-23|689.0
717|['LF', 'FILA']|['Clothing']|서울특별시 마포구 매봉산로 75 DDMC 지하1층|{'start': '1월20일(월)', 'end': '23일(목) 오전11시 - 오후 7시'}|2020-01-20|690.0
718|아시아나항공|['굿즈', '자가진단 테스트']|더현대서울|11.24(목)-12.04(일)|2022-11-29|691.0
719|고심약국|['부적', '굿즈']|마포구 와우산로35길 13|03.01(수)-04.30(일)|2023-03-02|692.0
720|미니언즈|특별전|인사동|19.10.22 ~ 20.03.15|2020-02-14|693.0
721|저스트인스타일|Fashion|을지로 미래에셋센터원 스카이캐슬|1/7~1/11|2019-01-09|694.0
722|ALDO|['로퍼', '힐 슈즈', '앵클부츠', '운동화', '스니커즈']|강남구 테헤란로 152 B2F|1월 14일 ~ 1월 23일|2020-01-14|695.0
723|이탈리아|['F&B', '화장품', '패션', '라이프스타일']|강남구 압구정로 12길 22|19.12.11 - 20.10.31|2019-12-30|696.0
724|버거보이|수제버거 맛집|서울특별시 용산구 한강대로15길 29|매일 11:00-21:00|2021-09-17|697.0
725|디자이너 브랜드|['여름 옷', '여름 샌들', '가방']|팝업맛집|['07.20', '07.26']|2020-07-20|698.0
726|슷|뉴트로 편집샵|을지로지하상가|7/15~8/15|2019-07-15|699.0
727|카우리홈|가구|현대시티몰 가든파이브점|4월 1일 - 5월 31일|2020-04-06|701.0
728|['꿉당', '피그웨이브', '후추네']|['고기집', '메추리알 떡볶이', '냉동 삼겹살']|강남구 선릉로155길 23-4 2층|03.15(수)-04.14(금)|2023-04-01|702.0
729|디올|['레이디 디올백', '레디투웨어 컬렉션']|신세계 대구 5층|3/5~3/17|2019-03-12|703.0
730|도제x콩콩|['도제x콩콩 샌드위치', '콩콩도시락']|@kongkong2_kim|['02.26', '03.07']|2021-03-08|704.0
731|수원왕갈비통닭|통닭 & 갈비|롯데백화점본점|3/3~3/10|2019-03-07|705.0
732|카카움|['책', '초콜렛']|반디앤루니스 센트럴시티점, 교보 핫트랙스|2/2~2/14|2019-02-10|706.0
733|하동|녹차|서울|['10.09', '10.25']|2020-10-15|707.0
734|카카오프렌즈|피규어, 폰케이스, 인형, 스티커|신세계강남|5/3~5/23|2019-05-09|708.0
735|메이크스타|['코스메틱', '스피커', '화보집']|가로수길|09.05~09.28|2019-09-07|709.0
736|롯데리아|불고기버거|익선동|09.22(목)-10.10(월)|2022-09-23|710.0
737|넘버링|주얼리|서울특별시 종로구 율곡로 84 17층 안국역 4번 출구|월~금 : 11:00-20:00|2021-12-10|711.0
738|뉴발란스|다운점퍼|성수 프로젝트렌트 1,3호점|11.04(목)-11.14(일)|2021-11-09|712.0
739|요기보|['빈백소파', '스크레스볼', '스퀴지보']|현대백화점 목동|2/11~2/24|2019-02-15|713.0
740|로즈파이|['피자']|신세계백화점 강남점 B1층|03.22(화)-03.31(목)|2022-03-23|714.0
741|도구리 포춘살롱|타로 부적|성수구|04.11(화)-04.23(일)|2023-04-12|715.0
742|흑화당|영양샌드위치|신세계 강남점|03.16(화)-03.24(수)|2021-03-23|716.0
743|조구만 스튜디오|['뱃지', '키링', '인형', '패브릭 잡화']|영등포구 여의대로 108 더현대 서울 5층|04.15(금)-04.28(목)|2022-04-22|718.0
744|노우라이|센슈얼 케어|성수|02.14(화)-03.19(일)|2023-03-03|719.0
745|BOSE|['노이즈 캔슬링 헤드셋', '세계 최초 웨어러블 오디오 보스프레임', 'BOSE의 블루투스 스피커', '이어폰']|스타필드 고양 1F|1월 8일 ~ 1월 19일|2020-01-13|720.0
746|WAAC|골프웨어|신사동|05.13(금)-06.07(화)|2022-05-24|721.0
747|칼레이도스코프|캘리포니아 자유와 낭만을 담은 컨셉으로 바캉스&리조트룩|을지로 센터원|7/22~8/2|2019-07-25|722.0
748|['캐리어X아로마티카']|['음식물 처리기', '친환경 뷰티 상품', '리필스테이션', '칫솔', '주방세제']|['가로수길 노티드', '옐로우 바스켓 노티드', '가로수길 아로마티카 제로스테이션', '캐리어 클라윈드 위즈 팝업스토어']|['~02.26(일)']|2022-01-14|723.0
749|켈로그 오트로드|['베이글', '카페', '디저트']|연희동|09.30(금)-10.21(금)|2022-10-11|724.0
750|이케아|가구|강남구 강남대로 420|8.22~09.08|2019-08-28|725.0
751|옐토||강남구 테헤란로4길 37 지하1층 마롱197|10.04(화)-10.10(월)|2022-10-06|726.0
752|로라로라|의류|여의대로108, B2 더현대 서울|01.12(목)-01.25(수)|2023-01-19|727.0
753|시엔느|['여성의류', '맨즈 라인 제품', '플레이트', '머그컵']|영등포구 여의대로 108 더현대서울B2|09.08(목)-09.21(수)|2022-09-14|728.0
754|애니웨어|치즈|성동구 성수동1가 서울숲4길 12-22|09.22(목)-09.25(일)|2022-09-22|729.0
755|코카콜라|['음료', '도넛']|피치스도원|07.16(토)-07.23(토)|2022-07-22|730.0
756|코닥|['의류', '굿즈']|잠실 롯데월드몰|08.12 - 10.08|2020-08-21|731.0
757|['제이올']|['일러스트 제품', '실크 슬립 드레스', '뉴컬렉션']|['null']|['08.20 - 09.13', '08.21 - 09.03', '08.21 - 09.13', '08.20 - 09.03']|2020-08-18|732.0
758|이억녀의 마카롱|디저트|롯데백화점 서면점 지하2층|['4월 3일(금)', '4월 16일(목)']|2020-04-13|733.0
759|알리익스프레스|['게이밍', '캠핑', '웨딩']|강남구 영동대로 513, 코엑스 Kpop광장|03.09(목)-03.12(일)|2023-03-10|734.0
760|르샤또|가구, 액세서리|현대백화점 목동점 B1층|2월 24일 - 3월 8일|2020-02-25|735.0
761|아끼다도자기|['도자기', '그릇']|용산 아이파크몰|1/18~1/31|2019-01-28|736.0
762|다이슨|헤어 제품|성수|02.02-02.19|2023-02-08|737.0
763|['zip 벨레다', '무신사 테라스 x 예일', '민팃 x 워시엔조이', '표뵤뵤 x 겨울엔 토스트가 좋아', '젠틀몬스터x몽클레르', '29맨션', '포켓몬 위드 하이브시티', '무신사 스탠다드 슬랙스 랩']|['팝업', '팝업', '팝업', None, None, None, None, '슬랙스']|['성동구 서울숲4길 50 프로젝트렌트 6호점', '성동구 아차산로 104, 3층 무신사 테라스', '마포구 양화로23길 22-7 2층', '마포구 서교동 326-2 오브젝트 서교점', '강남구 압구정로46길 50 하우스 도산', '용산구 한남대로 202-1', '서울 용산구 독서당로 93', '성동구 아차산로 78']|['05.12(수)-05.22(일)', '05.09(월)-07.10(일)', '05.07(토)-05.29(일)', '04.19(화)-06.05(일)', '05.05(목)-05.30(월)', '05.14(토)-05.22(일)', '05.05(목)- 06.19(일)', '04.29(금)-05.22(일)']|2022-05-21|738.0
764|마리끌레르|null|성수|03.01(수)-03.12(일)|2023-03-03|739.0
765|['zip T1 SHOP', '반클리프', '푸룻스킨', '더 퍼스트 슬램덩크']||['송파구 올림픽로 300 잠실 롯데월드몰 B1층', '중구 을지로 281, DDP 아트홀 1관', '영등포구 여의대로 108, 지하2층']|[['01.16(월)', '02.15(수)'], ['01.08(일)', '01.28(토)'], ['01.26(목)', '02.01(수)'], ['01.26(목)', '02.07(화)']]|2023-01-28|740.0
766|['비비고', '제주맥주']|['만두', '맥주']|강남구 언주로164길 21-3|10.10(월)-10.30(일)|2022-10-13|741.0
767|코드온캔버스|['의류']|현대백화점 무역센터점 4층 쁘띠따쁘띠 매장|10.29 - 11.4|2019-10-29|742.0
768|에스쁘아|메이크업|홍대메이크업펍 홍대 에스쁘아샵|1/3~2/28|2019-01-08|743.0
769|르르르 하우스|팝업스토어|마포구 와우산로23길 56|2021.12.24(금)-2022.01.07(금)|2022-01-03|744.0
770|포테이토스테이션|['감자 칩', '감자 팩', '감자 쿠션']|현대프리미엄아울렛 송도점|03.24(금)-04.06(목)|2023-03-24|745.0
771|원신|게임|한강 세빛섬|07.28(목)-08.03(수)|2022-07-29|746.0
772|디앤에이모터스|전기스쿠터|파주 프리미엄 아울렛|4월 한 달 동안 매주 금토일|2021-04-02|747.0
773|말리부|['칵테일', '떡볶이']|연남동|10.25(월)-11.07(일)|2021-10-26|748.0
774|요기보|['빈백소파', '요기보 키즈제품']|파라다이스시티(인천)호텔|19.11.30 ~ 20.01.01|2019-12-06|749.0
775|ahro|['향수', '캔들']|성수|06.10-06.12|2022-06-10|750.0
776|김토끼 스튜됴|['토끼툰', '그립톡', '메모지', '컵', '책']|언커먼스토어|['06.03(금)', '07.14(목)']|2022-07-01|751.0
777|윤현상재|['건축 자재', '가구', '작가의 소우주', '작품']|Space B-E 갤러리|08.27(금)-09.15(수)|2021-09-03|752.0
778|우영우|['굿즈', '우영우 김밥', '동그라미 김밥', '드라마 속 아이템']|롯데프리미엄아울렛 타임빌라스|11.02(수)-11.13(일)|2022-11-10|753.0
779|북해도스위트|프리미엄 수제케익|이마트가양점|2/21~3/6|2019-03-06|754.0
780|['나이키', '아디다스', '컨버스']|['스포츠브랜드']|상암DDMC|3/4~3/8|2019-03-04|755.0
781|['무신사스탠다드', '헤지스', '오프세일', '젠틀몬스터', '29맨션', '포켓몬', '위글위글', '젤리버디마켓']|['슬랙스', 'null', 'null', 'null', 'null', 'null', 'null', 'null']|['성동구 아차산로 78', '성동구 서울숲4길 17', '가로수길 36 가로골목', '강남구 압구정로46길 50 하우스 도산', '용산구 한남대로 202-1', '용산구 독서당로 93', '영등포구 여의대로 108 더현대 서울 5층', '영등포구 여의대로 108 더현대 서울 5층']|['04.29(금)-05.22(일)', '05.05(목)-05.22(일)', '04.30(토)-05.22(일)', '05.05(목)-05.30(월)', '05.14(토)-05.22(일)', '05.05(목)- 06.19(일)', '04.23(토)-05.23(월)', '04.29(금)-05.26(목)']|2022-05-14|756.0
782|마블|로봇|['하남', '고양', '코엑스']|[{'start': '05.01(토)', 'end': '05.21(금)'}]|2021-05-07|757.0
783|국민초콜릿, 가나|['초콜릿', '굿즈', '디저트', '음료']|성수|04.19(화)-05.12(목)|2022-04-20|758.0
784|이브자리|침구|강남구 영동대로 114길 5 이브자리 코디센 삼성점1F|01.13(금)-01.29(일)|2023-01-16|759.0
785|ATT||현대백화점 무역센터|8.23~8.29|2019-08-23|760.0
786|사브라|['소품류']|용산 아이파크몰|5/10~12|2019-05-10|761.0
787|쿠라우니|['쿠키', '브라우니', '케익', '스콘']|['신세계 강남점 지하1층', '가로수길 매장']|월~일 : 10:30-20:30, 12일까지|2022-01-10|762.0
788|모어앤와인|['와인']|태평빌딩|12/03~12/07|2018-12-04|763.0
789|랭앤루|['의류', '악세사리']|서울 강남구 압구정로 343 갤러리아백화점명품관WEST 3층|01.03 (금) - 01.23 (목)|2020-01-07|764.0
790|['코넥스 솔루션', '탐스', '빅토리아', '그라미치', '라이프', '로우로우']|['신발', '의류', '잡화', '액세서리']|상암동 동아디지털미디어센터(DDMC)|11.6(수) - 11.8(금)|2019-11-06|765.0
791|['햇반', '아슬란']|['캐릭터 팝업스토어', '장산치즈빵', '신을 샌들']|null|[['05.11', '06.30'], ['06.01', '06.14'], ['05.30', '08.31'], ['05.29', '06.11']]|2020-06-01|766.0
792|매튜스|서핑수트|성수동, 서울/부산|7/1~7/21|2019-07-04|767.0
793|까사리빙|['홈 오피스', '디자인 가구', '조명', '비트라의 팁 톤체어', '덴마크 우디 선반', '앵글포이즈 조명']|롯데백화점 인천터미널점 5층|05.18(화)-08.31(화)|2021-06-22|768.0
794|치공|['칫솔', '혀클리너', '엽서', '멀티 홀더', '치공 라이프 굿즈']|마포구 양화로 188 2층 비옥|01.26(목)-02.28(화)|2023-02-02|769.0
795|머니사이드업|굿즈|홍대 ak& 플라자 3층|02.03(목)|2022-01-24|770.0
796|템버린즈|핸드크림|성수이로 20길 57|10.30(토)-11.21(일)|2021-11-05|771.0
797|누뷜|['슬라임', '솜사탕 슬라임', '함박눈슬라임']|북수원홈플러스|11/29~12/05|2018-12-04|772.0
798|산리오|['카페', '굿즈샵', '포토카드']|홍대|2022.08.31 ~ null|2021-12-14|773.0
799|현대자동차|'더 뉴 팰리세이드' 모델 및 다양한 예술 작품|종로구 익선동 137-6 루프스테이션 익선|05.19(목)-06.06(일)|2022-05-28|774.0
800|던킨도너츠, 킷캣|['도너츠', '초코']|용산구 이태원로 241|11.15 ~ 12.31|2019-11-19|775.0
801|['zip 와다다곰', '다비드 자맹', 'Come to MY illusion', '다나카 프렌즈', 'TAKs STUDIO', '디즈니']|팝업스토어|['영등포구 여의대로 10더현대서울 6층', '영등포구 여의대로 108, 더현대서울 6층', '영등포구 여의대로 108, 더현대서울 지하1층', '강남구 테헤란로 521, 파르나스몰 B1층 입구 라운지', '마포구 와우산로35길 13', '성동구 연무장15길 11, 에스팩토리 C동']|02.03(금)-03.06(월), 02.04(토)-04.27(목), 02.24(금)-03.05(일), 02.25(토)-03.09(목), 02.28(화)-03.12(일), 03.01(수)-04.30(일)|2023-03-04|776.0
802|구스 아일랜드|맥주|가로수길 애플스토어 맞은편|04.10(토)-05.02(일)|2021-04-23|777.0
803|꼼데가르송|아우터, 티셔츠, 반스, 신발|영등포구 여의대로 108 더현대 서울 1층|05.19(목)-07.03(일)|2022-06-30|778.0
804|팝가 PICK|맛집|성수동|이번 주|2023-02-16|779.0
805|제이에스티나|뷰티|녹사평|5/31~6/23|2019-06-06|782.0
806|['전통 나가사키', '로라로라', '하리보']|['아이스크림', '뚱카롱']|null|['07.31 - 09.13', '08.01 - 08.14', '07.31 - 08.06', '07.30 - 08.05']|2020-07-31|783.0
807|볼보|7인승 플래그십 SUV XC90|스타필드 고양|1/26~2/3|2019-02-01|784.0
808|Vunque|가방|롯데백화점 본점|12/27~1/13|2019-01-07|785.0
809|신세계사이먼|['F&B', '리빙&소품', '주얼리', '패션의류&잡화']|신세계 파주 프리미엄아울렛 1층 야외광장|04.23(금)-04.25(일)|2021-04-22|786.0
810|커피팩토리|['모카빵']|롯데백화점 일산|3/29~4/11|2019-04-08|787.0
811|블루보틀|커피|SSG푸드마켓 청담|7/26~9/20|2019-08-07|788.0
812|막례스토랑|['음식', '굿즈']|영등포구 여의대로 108 지하 1층|07.01(금)-07.14(목) 매일 : 10:30~20:00(금토일 20:30)|2022-07-01|789.0
813|라이프스타일브랜드|['가방', '문구', '실내화', '의류']|대구 신세계|1/22~2/13|2019-01-29|790.0
814|키엘|['홀리데이 리미티드 에디션', '에코백']|코엑스|11/22~12/27|2018-12-04|791.0
815|누텍스처|바디 제품|성수|07.21(목)-08.07(일)|2022-07-20|792.0
816|['나체', '오호스', '라티젠', '어셈블스테이션', 'KLF', '아조바이아조', '러브이즈트루', '글랙', '이우가마카라스', '포스333', '아캄', '아코스튜디오', 'PROJECT555']|['의류', '양말', '리유저블컵']|현대 스페이스원 아울렛|03.17(금)-04.02(일)|2023-03-20|793.0
817|['zip', '러브이즈트루', '아바타', '두릭스']|['여행세포 연구소', 'null', '물의 길', '폴라로이드']|['영등포구 여의대로 108, 더현대서울 지하1층', '영등포구 여의대로 108, 더현대서울 지하2층', '영등포구 여의대로 108, 더현대서울', '고양시 덕양구 고양대로 1955, 고양스타필드 1층']|['11.24(목)-12.04(일)', '11.24(목)-12.07(수)', '11.26(토)-12.10(토) 12/9(금) 제외', '12.01(목)-12.13(화)']|2022-12-03|794.0
818|샌드박스|편의점 상품화된 전시|더현대서울 지하2층|07.02(금)-07.15(목)|2021-07-02|795.0
819|캘리포니아 클럽도넛|도넛|더현대 지하 1층|06.25(금)-07.04(일)|2021-06-29|797.0
820|뉴발란스 키즈|팝업스토어|현대백화점 목동점|9.20 - 9.29|2019-09-24|798.0
821|BUEOK by Hurom|라이프스타일 + 건강식|서울숲|05.21(토)-06.19(일)|2022-06-02|799.0
822|포켓몬|['봉제인형', '랜덤 피규어', '컵', '게임기']|더현대서울 지하 1층|10.01(금)-10.07(목)|2021-10-01|802.0
823|CJ|['바삭바', '바삭칩']|성수|07.05(화)-07.31(일)|2022-07-21|803.0
824|리얼월드 성수|['카페', '미스테리 컨셉의 플레이 공간']|성동구 연무장13길 8|08.16(화)~|2022-08-16|805.0
825|MSG 마켙|체험형 팝업스토어|서울 마포구 동교로25길 57, 1층|11.09 ~ 12.28|2019-11-27|806.0
826|팝가|포켓몬 페스티벌 2022|잠실종합운동장|08.10(수)-08.14(일)|2022-08-08|807.0
827|상쾌환|숙취해소 제품|성동구 성수동2가 315-10|06.07(화)-06.27(월)|2022-06-16|808.0
828|NOS7|['의류', '굿즈']|강남구 압구정로60길 21 분더샵 청담 케이스스터디|06.17(금)-06.30(목)|2022-06-17|810.0
829|러브이즈트루|['의류', '러그', '악세서리']|영등포구 여의대로 108, 더현대서울 지하2층|11.24(목)-12.07(수)|2022-11-30|811.0
830|페이퍼팝|가구|현대시티몰 가든파이브점|09.16(금)-09.29(목)|2022-09-21|812.0
831|['플레이인더박스', '위글위글']|['굿즈', '포토박스', 'ASMR 부스', '핑크풀']|더현대 서울 5층|04.23(토)-05.23(월) 매일|2022-05-06|813.0
832|해스텐스|['침대', '슬리퍼', '파자마', '가운', '침구 아이템']|현대백화점 무역센터점 4F 팝업행사장|1월 6일 ~ 3월 29일|2020-02-11|814.0
833|아슬란|마늘빵|울산|8.16~8.22|2019-08-21|815.0
834|질스튜어트뉴욕&코코카피탄|null|압구정|4/3~4/22|2019-04-13|816.0
835|샤넬|['향수', '뷰티 제품']|성수동 S Factory|06.29(화)-07.12(월)|2021-07-15|817.0
836|얼빈스솔티드에그|과자|잠실롯데몰|11/30~12/04|2018-12-04|818.0
837|라코스테X폴라로이드|컬렉션|가로수길|03.24(수) - 04.17(토)|2021-04-02|819.0
838|캐리어에어컨|에어컨|성수|06.01(수)-07.31(일)|2022-06-08|820.0
839|['에끌라 드 아르페쥬', '옴니아 아메시스트', None, None]|['향수', '향수', '헤어 제품', '치약']|['온라인', None, None, None]|['01/21(목)', '01/24(일)', None, None]|2021-01-21|821.0
840|동명양과자점|['초코디저트']|수원 AK 플라자 백화점 B1층 식품관|2월 7일 - 2월 14일|2020-02-10|822.0
841|시노베 브라운치즈|['치즈', '와플', '파니니']|부산 서면 롯데백화점|9.27 - 10.03|2019-09-30|823.0
842|['KWANI', 'Heavenly Jelly', 'Came Upon']|['의류', '가방', '액세서리']|성동구 연무장17길 4|04.14(금) -04.23(일)|2023-04-13|824.0
843|KANU|다양한 제품|성동구 서울숲4길 15-1|03.25(토)-05.21(일) 매일: 11:00~20:00|2023-03-31|825.0
844|['카카오프렌즈', '나이키']|['컬렉션', '조이라이드']|홍대|9.24~10.6|2019-10-02|826.0
845|코알라에코|['키친', '욕실용품', '핸드워시']|신세계 백화점 대구점|8/8~9/4|2019-08-26|827.0
846|Mmlg||성수구|07.25(월)-08.18(목)|2022-07-28|828.0
